env_steps,update,loss_pi,loss_v,entropy,approx_kl,clip_frac,mean_ep_return_recent,mean_ep_len_recent,sps
2000,1,-0.003059,0.020625,1.609156,0.000271,0.000000,nan,nan,678.0
4000,2,-0.002377,0.020009,1.607454,0.000256,0.000000,nan,nan,1921.6
6000,3,-0.003998,0.017086,1.602954,0.001087,0.000125,nan,nan,1722.3
8000,4,-0.005336,0.014094,1.585946,0.003583,0.020625,nan,nan,1875.1
10000,5,-0.005534,0.010361,1.557371,0.002639,0.009000,nan,nan,1804.5
12000,6,-0.009587,0.008379,1.509720,0.008427,0.121000,nan,nan,1628.4
14000,7,-0.009106,0.007672,1.480535,0.007113,0.068625,nan,nan,1642.6
16000,8,-0.012542,0.007549,1.394120,0.008889,0.139250,nan,nan,1710.4
18000,9,-0.012841,0.006513,1.347229,0.008948,0.107875,nan,nan,1784.6
20000,10,-0.013067,0.005322,1.281483,0.010045,0.115375,nan,nan,1535.1
22000,11,-0.009820,0.003366,1.215742,0.006118,0.065125,nan,nan,1916.4
24000,12,-0.012719,0.003779,1.172994,0.008714,0.096500,-24.060810,1440.00,1721.1
26000,13,-0.013337,0.003779,1.076727,0.010896,0.108750,-24.060810,1440.00,1899.7
28000,14,-0.009528,0.003815,1.041962,0.008136,0.085375,-24.060810,1440.00,1708.8
30000,15,-0.014111,0.003537,0.976528,0.012814,0.134750,-24.060810,1440.00,1837.8
32000,16,-0.012046,0.004471,0.895810,0.012959,0.161625,-24.060810,1440.00,1803.4
34000,17,-0.012506,0.003950,0.883051,0.011574,0.161625,-24.060810,1440.00,1719.6
36000,18,-0.011431,0.003224,0.841391,0.009345,0.111500,-24.060810,1440.00,1813.6
38000,19,-0.014113,0.003374,0.799210,0.011891,0.141750,-24.060810,1440.00,1703.8
40000,20,-0.008750,0.003363,0.669572,0.011027,0.139875,-24.060810,1440.00,2016.4
42000,21,-0.007993,0.003348,0.629710,0.006599,0.083000,-24.060810,1440.00,2027.9
44000,22,-0.006460,0.003741,0.574712,0.004646,0.067875,-24.060810,1440.00,1898.9
46000,23,-0.008075,0.003509,0.526728,0.006961,0.080000,-24.060810,1440.00,1628.2
48000,24,-0.009205,0.003532,0.507829,0.005868,0.068500,-17.576230,1440.00,1431.2
50000,25,-0.008519,0.002864,0.453971,0.004430,0.059750,-17.576230,1440.00,1521.5
52000,26,-0.007714,0.002841,0.384326,0.005813,0.066750,-17.576230,1440.00,1420.6
54000,27,-0.005182,0.002756,0.336234,0.005149,0.054625,-17.576230,1440.00,1413.3
56000,28,-0.002553,0.003209,0.246291,0.004119,0.042125,-17.576230,1440.00,1514.6
58000,29,-0.006281,0.002517,0.293833,0.002863,0.035750,-17.576230,1440.00,1528.9
60000,30,-0.006387,0.002539,0.303856,0.002634,0.034375,-17.576230,1440.00,1272.6
62000,31,-0.005650,0.002119,0.245972,0.003189,0.043125,-17.576230,1440.00,1703.4
64000,32,-0.004025,0.002792,0.257742,0.005348,0.056875,-17.576230,1440.00,1705.2
66000,33,-0.005365,0.002537,0.199052,0.004799,0.042625,-17.576230,1440.00,1550.4
68000,34,-0.006325,0.002678,0.183483,0.002183,0.029375,-17.576230,1440.00,1285.6
70000,35,-0.008883,0.002729,0.192761,0.004150,0.043000,-12.865245,1440.00,1432.1
72000,36,-0.005418,0.002324,0.148078,0.002204,0.024250,-12.865245,1440.00,1809.2
74000,37,-0.004018,0.002146,0.114793,0.001462,0.014000,-12.865245,1440.00,1809.0
76000,38,-0.006130,0.002240,0.113614,0.004427,0.032375,-12.865245,1440.00,1403.9
78000,39,-0.003684,0.002060,0.084517,0.004051,0.030750,-12.865245,1440.00,1353.8
80000,40,-0.003241,0.001713,0.061446,0.002084,0.014125,-12.865245,1440.00,1559.1
82000,41,-0.005320,0.001867,0.099117,0.002988,0.026000,-12.865245,1440.00,1507.1
84000,42,-0.002375,0.001504,0.054239,0.001363,0.014000,-12.865245,1440.00,1604.2
86000,43,-0.001273,0.001336,0.046929,0.001380,0.009250,-12.865245,1440.00,1200.6
88000,44,-0.002206,0.001301,0.035611,0.002124,0.010625,-12.865245,1440.00,1374.8
90000,45,-0.006047,0.001365,0.068766,0.004138,0.029250,-12.865245,1440.00,1759.0
92000,46,-0.001778,0.001246,0.052050,0.001753,0.013875,-12.865245,1440.00,1893.2
94000,47,-0.001742,0.001636,0.049711,0.001803,0.015250,-9.910537,1440.00,1771.1
96000,48,-0.003889,0.001315,0.060891,0.004016,0.019875,-9.910537,1440.00,1856.8
98000,49,-0.002736,0.001058,0.049432,0.001782,0.015875,-9.910537,1440.00,1890.9
100000,50,0.000450,0.001399,0.051528,0.002656,0.020625,-9.910537,1440.00,1955.8
102000,51,-0.001249,0.001422,0.059455,0.002077,0.018625,-9.910537,1440.00,1966.7
104000,52,-0.001900,0.000923,0.037185,0.002248,0.013875,-9.910537,1440.00,2045.1
106000,53,-0.004786,0.001126,0.056709,0.003397,0.018875,-9.910537,1440.00,2017.5
108000,54,-0.004208,0.001000,0.033221,0.003526,0.021375,-9.910537,1440.00,1931.5
110000,55,-0.001276,0.000890,0.028006,0.000703,0.007125,-9.910537,1440.00,1911.4
112000,56,-0.002314,0.000780,0.022655,0.000898,0.005875,-9.910537,1440.00,1937.5
114000,57,-0.002329,0.000988,0.031093,0.002568,0.011250,-9.910537,1440.00,1878.3
116000,58,-0.004233,0.001307,0.039977,0.002562,0.014625,-8.047853,1440.00,1796.3
118000,59,-0.002751,0.000927,0.045007,0.004113,0.016125,-8.047853,1440.00,1798.2
120000,60,-0.002855,0.001136,0.028114,0.002213,0.012250,-8.047853,1440.00,2011.6
122000,61,-0.002004,0.000913,0.033032,0.001771,0.011750,-8.047853,1440.00,1986.7
124000,62,-0.003969,0.001128,0.052193,0.002016,0.017000,-8.047853,1440.00,1985.3
126000,63,-0.001351,0.000647,0.023753,0.002457,0.013000,-8.047853,1440.00,2078.5
128000,64,-0.001871,0.000718,0.014443,0.002810,0.008375,-8.047853,1440.00,2005.5
130000,65,-0.002583,0.001032,0.017602,0.001030,0.005500,-8.047853,1440.00,2110.7
132000,66,-0.000606,0.001799,0.012922,0.001009,0.005500,-8.047853,1440.00,2066.4
134000,67,-0.002914,0.000952,0.024033,0.001087,0.006750,-8.047853,1440.00,1778.5
136000,68,-0.002147,0.000714,0.020150,0.001749,0.008125,-8.047853,1440.00,1908.3
138000,69,-0.000252,0.000623,0.010033,0.002091,0.007875,-8.047853,1440.00,1820.1
140000,70,-0.000898,0.000838,0.004064,0.000585,0.003125,-6.776644,1440.00,1807.8
142000,71,0.001814,0.001143,0.018995,0.001744,0.010500,-6.776644,1440.00,1869.7
144000,72,0.004877,0.001221,0.003364,0.011498,0.010375,-6.776644,1440.00,1832.9
146000,73,-0.000436,0.000939,0.008212,0.001490,0.008250,-6.776644,1440.00,1790.4
148000,74,-0.000041,0.000700,0.001076,0.000007,0.000125,-6.776644,1440.00,2110.1
150000,75,-0.000635,0.000893,0.003336,0.001286,0.004250,-6.776644,1440.00,1951.9
152000,76,0.000001,0.000798,0.000031,0.000000,0.000000,-6.776644,1440.00,2015.4
154000,77,-0.001205,0.000657,0.002891,0.000484,0.001625,-6.776644,1440.00,2012.8
156000,78,-0.000132,0.001664,0.001321,0.000219,0.000875,-6.776644,1440.00,1758.5
158000,79,-0.000089,0.000436,0.002258,0.000018,0.000250,-6.776644,1440.00,1741.1
160000,80,-0.000573,0.000623,0.001368,0.001193,0.001375,-6.776644,1440.00,1825.0
162000,81,0.000000,0.000423,0.000046,0.000000,0.000000,-3.644837,1440.00,1688.9
164000,82,-0.000558,0.000398,0.003286,0.000053,0.000625,-3.644837,1440.00,1611.5
166000,83,-0.000000,0.000325,0.000049,-0.000000,0.000000,-3.644837,1440.00,1821.5
168000,84,-0.000133,0.000312,0.000492,0.000081,0.000250,-3.644837,1440.00,2507.0
170000,85,-0.000725,0.001313,0.001955,0.000110,0.000750,-3.644837,1440.00,2651.2
172000,86,-0.000480,0.001401,0.004894,0.000368,0.002375,-3.644837,1440.00,2520.8
174000,87,-0.000373,0.000386,0.006547,0.001490,0.003750,-3.644837,1440.00,2397.4
176000,88,-0.000927,0.000542,0.008938,0.001512,0.005125,-3.644837,1440.00,2880.6
178000,89,-0.000468,0.000265,0.002975,0.000335,0.002125,-3.644837,1440.00,1187.2
180000,90,-0.001984,0.000269,0.004200,0.003335,0.006125,-3.644837,1440.00,952.3
182000,91,-0.000725,0.000325,0.004202,0.000620,0.002750,-3.644837,1440.00,958.8
184000,92,-0.000711,0.000231,0.005160,0.000978,0.003500,-3.644837,1440.00,1004.8
186000,93,-0.001270,0.000258,0.009943,0.000534,0.004000,-1.372958,1440.00,1042.7
188000,94,0.005436,0.000303,0.009560,0.022507,0.010625,-1.372958,1440.00,1046.3
190000,95,-0.002450,0.000245,0.008726,0.002772,0.007750,-1.372958,1440.00,941.5
192000,96,-0.000635,0.000319,0.005561,0.000927,0.004500,-1.372958,1440.00,1099.5
194000,97,0.000205,0.000330,0.007634,0.005593,0.006750,-1.372958,1440.00,1140.9
196000,98,-0.001147,0.000272,0.010158,0.000741,0.004750,-1.372958,1440.00,1101.7
198000,99,0.000221,0.000214,0.000892,0.002862,0.001500,-1.372958,1440.00,1143.5
200000,100,-0.000602,0.000318,0.003580,0.001081,0.002500,-1.372958,1440.00,992.5
202000,101,-0.000280,0.000321,0.004392,0.000458,0.002875,-1.372958,1440.00,945.5
204000,102,-0.001583,0.000215,0.003442,0.001350,0.003750,-1.372958,1440.00,1084.6
206000,103,-0.000126,0.000161,0.000210,0.000014,0.000375,-1.372958,1440.00,1042.1
208000,104,-0.000804,0.000216,0.002287,0.000215,0.001625,-0.529606,1440.00,1080.6
210000,105,-0.000295,0.000830,0.005037,0.001395,0.005375,-0.529606,1440.00,1118.3
212000,106,0.000089,0.001855,0.000149,0.000000,0.000000,-0.529606,1440.00,1296.6
214000,107,-0.001686,0.000249,0.003043,0.000505,0.002375,-0.529606,1440.00,1284.3
216000,108,0.000074,0.000694,0.005200,0.000632,0.004000,-0.529606,1440.00,882.4
218000,109,-0.000002,0.000508,0.000031,0.000000,0.000000,-0.529606,1440.00,910.5
220000,110,-0.000000,0.000472,0.000014,0.000000,0.000000,-0.529606,1440.00,1014.2
222000,111,-0.000000,0.000549,0.000048,-0.000000,0.000000,-0.529606,1440.00,1206.8
224000,112,-0.000325,0.000376,0.001719,0.000741,0.001375,-0.529606,1440.00,1302.2
226000,113,-0.000184,0.000247,0.005510,0.004203,0.006000,-0.529606,1440.00,1402.3
228000,114,-0.002431,0.000375,0.007772,0.002252,0.006625,-0.529606,1440.00,1132.2
230000,115,-0.000253,0.000302,0.001696,0.001110,0.001750,-0.529606,1440.00,1382.0
232000,116,0.002093,0.000624,0.006104,0.006401,0.007500,-0.269926,1440.00,1400.6
234000,117,-0.000379,0.000325,0.010007,0.005041,0.008125,-0.269926,1440.00,1056.9
236000,118,-0.001099,0.000236,0.004887,0.001655,0.003875,-0.269926,1440.00,1111.6
238000,119,-0.002368,0.000380,0.013135,0.002090,0.010750,-0.269926,1440.00,1227.0
240000,120,-0.000194,0.000483,0.007431,0.001484,0.003750,-0.269926,1440.00,1242.8
242000,121,-0.000752,0.000485,0.003172,0.001045,0.002000,-0.269926,1440.00,1694.0
244000,122,-0.001322,0.000138,0.004885,0.005021,0.004375,-0.269926,1440.00,2003.9
246000,123,-0.000493,0.000152,0.000474,0.004500,0.001250,-0.269926,1440.00,1687.3
248000,124,0.000022,0.000110,0.000048,0.000000,0.000000,-0.269926,1440.00,1718.3
250000,125,0.000000,0.000116,0.000017,0.000000,0.000000,-0.269926,1440.00,1894.3
252000,126,-0.000253,0.000127,0.002461,0.000817,0.002000,-0.269926,1440.00,1569.0
254000,127,-0.000121,0.000112,0.000551,0.000003,0.000000,-0.176792,1440.00,1728.0
256000,128,-0.000000,0.000544,0.000011,0.000000,0.000000,-0.176792,1440.00,1914.9
258000,129,-0.000000,0.000401,0.000012,0.000000,0.000000,-0.176792,1440.00,1864.9
260000,130,-0.000000,0.000132,0.000001,0.000000,0.000000,-0.176792,1440.00,1832.9
262000,131,-0.000000,0.001251,0.000002,-0.000000,0.000000,-0.176792,1440.00,1864.4
264000,132,0.000603,0.001497,0.001343,0.000231,0.001375,-0.176792,1440.00,1434.7
266000,133,-0.000463,0.000160,0.001138,0.000723,0.001125,-0.176792,1440.00,1590.0
268000,134,-0.001126,0.000178,0.000499,0.006988,0.001500,-0.176792,1440.00,1619.7
270000,135,0.000000,0.000131,0.000001,0.000000,0.000000,-0.176792,1440.00,1432.4
272000,136,0.000000,0.003775,0.000002,0.000000,0.000000,-0.176792,1440.00,1618.0
274000,137,-0.000000,0.000555,0.000000,0.000000,0.000000,-0.176792,1440.00,1048.4
276000,138,-0.000000,0.000536,0.000004,-0.000000,0.000000,-0.176792,1440.00,1137.0
278000,139,-0.000000,0.000643,0.000000,0.000000,0.000000,-0.114852,1440.00,1505.3
280000,140,-0.000000,0.000585,0.000001,-0.000000,0.000000,-0.114852,1440.00,1305.4
282000,141,-0.000000,0.000496,0.000000,-0.000000,0.000000,-0.114852,1440.00,1690.0
284000,142,-0.000000,0.000488,0.000000,0.000000,0.000000,-0.114852,1440.00,1781.2
286000,143,-0.000000,0.000454,0.000000,0.000000,0.000000,-0.114852,1440.00,1732.0
288000,144,-0.000000,0.000449,0.000000,0.000000,0.000000,-0.114852,1440.00,1704.6
290000,145,-0.000000,0.000422,0.000000,0.000000,0.000000,-0.114852,1440.00,1788.8
292000,146,-0.000000,0.000380,0.000002,0.000000,0.000000,-0.114852,1440.00,1887.0
294000,147,-0.000000,0.000427,0.000001,-0.000000,0.000000,-0.114852,1440.00,1795.1
296000,148,-0.000000,0.000453,0.000007,-0.000000,0.000000,-0.114852,1440.00,1734.4
298000,149,-0.000000,0.000422,0.000009,0.000000,0.000000,-0.114852,1440.00,1656.3
300000,150,-0.000000,0.000413,0.000012,0.000000,0.000000,-0.091785,1440.00,1744.3
302000,151,-0.000000,0.000429,0.000001,0.000000,0.000000,-0.091785,1440.00,1574.1
304000,152,-0.000000,0.000403,0.000001,0.000000,0.000000,-0.091785,1440.00,1864.5
306000,153,-0.000000,0.000365,0.000000,0.000000,0.000000,-0.091785,1440.00,1413.2
308000,154,-0.000000,0.000365,0.000001,0.000000,0.000000,-0.091785,1440.00,1426.9
310000,155,-0.000238,0.000406,0.000290,0.001869,0.000750,-0.091785,1440.00,2019.4
312000,156,-0.000000,0.001308,0.000000,0.000000,0.000000,-0.091785,1440.00,1595.3
314000,157,-0.000000,0.000752,0.000006,0.000000,0.000000,-0.091785,1440.00,1584.6
316000,158,-0.000000,0.000454,0.000000,0.000000,0.000000,-0.091785,1440.00,1403.3
318000,159,-0.000000,0.001149,0.000000,0.000000,0.000000,-0.091785,1440.00,1123.0
320000,160,-0.000000,0.000469,0.000000,0.000000,0.000000,-0.091785,1440.00,1536.9
322000,161,-0.000000,0.000499,0.000000,0.000000,0.000000,-0.091785,1440.00,1563.0
324000,162,-0.000000,0.000389,0.000000,0.000000,0.000000,-0.082111,1440.00,1698.3
326000,163,-0.000000,0.000353,0.000000,0.000000,0.000000,-0.082111,1440.00,1816.1
328000,164,-0.000000,0.000350,0.000003,0.000000,0.000000,-0.082111,1440.00,1905.5
330000,165,-0.000000,0.000350,0.000000,0.000000,0.000000,-0.082111,1440.00,1775.5
332000,166,-0.000000,0.000324,0.000000,0.000000,0.000000,-0.082111,1440.00,1584.0
334000,167,-0.000000,0.000315,0.000001,-0.000000,0.000000,-0.082111,1440.00,1294.3
336000,168,-0.000000,0.000320,0.000001,-0.000000,0.000000,-0.082111,1440.00,1599.4
338000,169,-0.000000,0.000321,0.000000,0.000000,0.000000,-0.082111,1440.00,1636.1
340000,170,-0.000000,0.000331,0.000000,0.000000,0.000000,-0.082111,1440.00,1478.6
342000,171,-0.000000,0.000312,0.000000,0.000000,0.000000,-0.082111,1440.00,1767.5
344000,172,-0.000000,0.000293,0.000000,0.000000,0.000000,-0.082111,1440.00,1686.2
346000,173,-0.000000,0.000300,0.000000,0.000000,0.000000,-0.068493,1440.00,1627.8
348000,174,-0.000000,0.000276,0.000002,0.000000,0.000000,-0.068493,1440.00,1265.5
350000,175,-0.000000,0.000293,0.000000,0.000000,0.000000,-0.068493,1440.00,1623.6
352000,176,-0.000000,0.000289,0.000000,0.000000,0.000000,-0.068493,1440.00,1684.5
354000,177,-0.000000,0.000273,0.000001,0.000000,0.000000,-0.068493,1440.00,1348.3
356000,178,-0.000000,0.000283,0.000001,-0.000000,0.000000,-0.068493,1440.00,1438.2
358000,179,-0.000000,0.000265,0.000001,0.000000,0.000000,-0.068493,1440.00,1541.4
360000,180,-0.000000,0.000264,0.000004,0.000000,0.000000,-0.068493,1440.00,1597.1
362000,181,-0.000000,0.000264,0.000000,0.000000,0.000000,-0.068493,1440.00,1682.7
364000,182,-0.000000,0.000267,0.000001,0.000000,0.000000,-0.068493,1440.00,1804.5
366000,183,-0.000000,0.000273,0.000001,0.000000,0.000000,-0.068493,1440.00,1768.9
368000,184,-0.000000,0.000255,0.000001,0.000000,0.000000,-0.068493,1440.00,1481.3
370000,185,-0.000000,0.000252,0.000000,0.000000,0.000000,-0.056533,1440.00,1657.2
372000,186,-0.000000,0.000229,0.000001,0.000000,0.000000,-0.056533,1440.00,1844.2
374000,187,-0.000000,0.000101,0.000001,0.000000,0.000000,-0.056533,1440.00,1889.6
376000,188,-0.000000,0.000268,0.000000,0.000000,0.000000,-0.056533,1440.00,1760.8
378000,189,-0.000000,0.000277,0.000000,0.000000,0.000000,-0.056533,1440.00,1663.9
380000,190,-0.000000,0.000257,0.000000,0.000000,0.000000,-0.056533,1440.00,1621.2
382000,191,-0.000000,0.000251,0.000001,0.000000,0.000000,-0.056533,1440.00,1295.2
384000,192,-0.000000,0.000238,0.000001,0.000000,0.000000,-0.056533,1440.00,1331.9
386000,193,-0.000000,0.000250,0.000001,-0.000000,0.000000,-0.056533,1440.00,1270.7
388000,194,-0.000000,0.000243,0.000015,-0.000000,0.000000,-0.056533,1440.00,1577.6
390000,195,-0.000000,0.000240,0.000002,0.000000,0.000000,-0.056533,1440.00,1546.0
392000,196,-0.000000,0.000249,0.000000,0.000000,0.000000,-0.039675,1440.00,1508.7
394000,197,-0.000000,0.000230,0.000001,0.000000,0.000000,-0.039675,1440.00,1515.9
396000,198,-0.000000,0.000232,0.000008,0.000000,0.000000,-0.039675,1440.00,1723.9
398000,199,-0.000000,0.000224,0.000001,0.000000,0.000000,-0.039675,1440.00,1479.5
400000,200,-0.000000,0.000224,0.000001,-0.000000,0.000000,-0.039675,1440.00,1549.7
402000,201,-0.000000,0.000211,0.000005,-0.000000,0.000000,-0.039675,1440.00,1627.5
404000,202,-0.000000,0.000198,0.000004,-0.000000,0.000000,-0.039675,1440.00,1493.5
406000,203,-0.000000,0.000116,0.000001,0.000000,0.000000,-0.039675,1440.00,1237.9
408000,204,-0.000000,0.000250,0.000003,0.000000,0.000000,-0.039675,1440.00,1428.4
410000,205,-0.000039,0.000069,0.000080,0.000000,0.000000,-0.039675,1440.00,1562.0
412000,206,-0.000000,0.000063,0.000004,-0.000000,0.000000,-0.039675,1440.00,1668.5
414000,207,-0.000000,0.000040,0.000007,-0.000000,0.000000,-0.039675,1440.00,1655.3
416000,208,-0.000000,0.000041,0.000003,0.000000,0.000000,-0.033594,1440.00,1702.5
418000,209,-0.000000,0.000039,0.000004,0.000000,0.000000,-0.033594,1440.00,1637.5
420000,210,-0.000000,0.000032,0.000002,0.000000,0.000000,-0.033594,1440.00,1601.0
422000,211,-0.000000,0.000046,0.000007,0.000000,0.000000,-0.033594,1440.00,1455.4
424000,212,-0.000000,0.000035,0.000002,0.000000,0.000000,-0.033594,1440.00,1670.9
426000,213,-0.000000,0.000039,0.000004,0.000000,0.000000,-0.033594,1440.00,1433.1
428000,214,-0.000000,0.000027,0.000003,0.000000,0.000000,-0.033594,1440.00,1674.4
430000,215,-0.000000,0.000025,0.000002,0.000000,0.000000,-0.033594,1440.00,1729.1
432000,216,-0.000000,0.000028,0.000007,0.000000,0.000000,-0.033594,1440.00,1708.1
434000,217,-0.000000,0.000025,0.000015,0.000000,0.000000,-0.033594,1440.00,1724.4
436000,218,-0.000000,0.000025,0.000010,-0.000000,0.000000,-0.033594,1440.00,1489.6
438000,219,-0.000000,0.000026,0.000008,0.000000,0.000000,-0.032274,1440.00,1729.5
440000,220,-0.000000,0.000027,0.000002,0.000000,0.000000,-0.032274,1440.00,1677.5
442000,221,-0.000000,0.000021,0.000002,0.000000,0.000000,-0.032274,1440.00,1726.4
444000,222,-0.000000,0.000021,0.000033,0.000000,0.000000,-0.032274,1440.00,1745.6
446000,223,-0.000000,0.000024,0.000009,-0.000000,0.000000,-0.032274,1440.00,1426.4
448000,224,-0.000039,0.000028,0.000112,0.000000,0.000000,-0.032274,1440.00,1594.2
450000,225,-0.000000,0.000022,0.000009,-0.000000,0.000000,-0.032274,1440.00,1873.4
452000,226,-0.000001,0.000021,0.000013,-0.000000,0.000000,-0.032274,1440.00,1752.2
454000,227,-0.000000,0.000022,0.000008,0.000000,0.000000,-0.032274,1440.00,1737.8
456000,228,0.000380,0.000041,0.001571,0.025822,0.001750,-0.032274,1440.00,1782.5
458000,229,-0.000428,0.000045,0.000953,0.000221,0.000375,-0.032274,1440.00,1786.2
460000,230,-0.001793,0.000063,0.005315,0.008032,0.006625,-0.032274,1440.00,1775.2
462000,231,-0.000021,0.000055,0.000508,0.000000,0.000000,-0.033181,1440.00,2001.6
464000,232,-0.000506,0.000055,0.002147,0.000017,0.000250,-0.033181,1440.00,1841.2
466000,233,-0.000577,0.000069,0.002550,0.000817,0.002250,-0.033181,1440.00,1819.4
468000,234,-0.000113,0.000065,0.003297,0.001729,0.003000,-0.033181,1440.00,1802.9
470000,235,-0.000078,0.000039,0.000271,0.000001,0.000000,-0.033181,1440.00,1714.9
472000,236,0.000006,0.000040,0.000065,0.000000,0.000000,-0.033181,1440.00,1929.0
474000,237,-0.000002,0.000036,0.000119,0.000000,0.000000,-0.033181,1440.00,1754.2
476000,238,-0.001438,0.000032,0.000441,0.000243,0.000500,-0.033181,1440.00,1752.7
478000,239,-0.000186,0.000027,0.000282,0.000159,0.000250,-0.033181,1440.00,1755.3
480000,240,-0.000000,0.000027,0.000051,-0.000000,0.000000,-0.033181,1440.00,1567.7
482000,241,-0.000000,0.000027,0.000027,-0.000000,0.000000,-0.033181,1440.00,1491.4
484000,242,0.000660,0.000043,0.001337,0.000972,0.001625,-0.033994,1440.00,1533.0
486000,243,0.000000,0.000034,0.000136,-0.000000,0.000000,-0.033994,1440.00,1490.8
488000,244,-0.000068,0.000026,0.000370,0.000001,0.000000,-0.033994,1440.00,1549.2
490000,245,-0.000112,0.000030,0.000225,0.000001,0.000000,-0.033994,1440.00,1407.9
492000,246,-0.001647,0.000044,0.001452,0.000802,0.001125,-0.033994,1440.00,1722.3
494000,247,-0.000197,0.000036,0.000286,0.000000,0.000000,-0.033994,1440.00,1582.8
496000,248,0.000001,0.000029,0.000132,0.000000,0.000000,-0.033994,1440.00,1784.3
498000,249,-0.000179,0.000038,0.001006,0.000297,0.000375,-0.033994,1440.00,1863.7
500000,250,0.000026,0.000038,0.000495,0.000000,0.000000,-0.033994,1440.00,1796.7
502000,251,-0.001153,0.000027,0.000368,0.001596,0.000750,-0.033994,1440.00,1477.7
504000,252,-0.000023,0.000024,0.000111,0.000000,0.000000,-0.033994,1440.00,1664.2
506000,253,-0.000000,0.000019,0.000034,0.000000,0.000000,-0.033994,1440.00,1833.8
508000,254,-0.000000,0.000024,0.000038,0.000000,0.000000,-0.035651,1440.00,1937.7
510000,255,-0.000000,0.000021,0.000079,0.000000,0.000000,-0.035651,1440.00,2096.9
512000,256,-0.002237,0.000032,0.000898,0.001033,0.001750,-0.035651,1440.00,1746.9
514000,257,0.000012,0.000032,0.000373,0.000000,0.000000,-0.035651,1440.00,1848.3
516000,258,-0.000008,0.000031,0.000454,0.000000,0.000000,-0.035651,1440.00,1730.9
518000,259,-0.000417,0.000040,0.001195,0.000799,0.000875,-0.035651,1440.00,1720.6
520000,260,-0.000801,0.000031,0.000959,0.005062,0.001750,-0.035651,1440.00,1753.1
522000,261,0.000006,0.000020,0.000059,0.000000,0.000000,-0.035651,1440.00,1766.1
524000,262,0.000000,0.000019,0.000048,-0.000000,0.000000,-0.035651,1440.00,1755.4
526000,263,-0.000001,0.000019,0.000104,0.000000,0.000000,-0.035651,1440.00,1529.8
528000,264,-0.000100,0.000026,0.000412,0.000004,0.000000,-0.035651,1440.00,1863.3
530000,265,0.000000,0.000025,0.000019,0.000000,0.000000,-0.035809,1440.00,1841.4
532000,266,0.000000,0.000019,0.000012,0.000000,0.000000,-0.035809,1440.00,1722.3
534000,267,-0.000000,0.000018,0.000061,0.000000,0.000000,-0.035809,1440.00,1789.6
536000,268,0.000000,0.000017,0.000020,-0.000000,0.000000,-0.035809,1440.00,1844.4
538000,269,-0.000000,0.000018,0.000072,0.000000,0.000000,-0.035809,1440.00,2071.5
540000,270,-0.000001,0.000020,0.000049,0.000000,0.000000,-0.035809,1440.00,1853.2
542000,271,-0.001031,0.000043,0.000609,0.003724,0.001125,-0.035809,1440.00,1939.6
544000,272,0.002481,0.000049,0.002046,0.003115,0.002500,-0.035809,1440.00,1839.2
546000,273,-0.002205,0.000062,0.005179,0.006272,0.005000,-0.035809,1440.00,1916.7
548000,274,-0.003718,0.000083,0.006390,0.007218,0.005625,-0.035809,1440.00,1669.2
550000,275,-0.001975,0.000173,0.006971,0.002152,0.002625,-0.035809,1440.00,1790.6
552000,276,-0.001023,0.000089,0.004606,0.003454,0.003750,-0.035809,1440.00,1885.3
554000,277,-0.000780,0.000066,0.004078,0.002386,0.002875,-0.041942,1440.00,1895.2
556000,278,0.001525,0.000061,0.005932,0.002228,0.004250,-0.041942,1440.00,2119.2
558000,279,-0.001833,0.000182,0.011020,0.005316,0.009375,-0.041942,1440.00,2038.3
560000,280,-0.000246,0.000238,0.009100,0.008625,0.008000,-0.041942,1440.00,2125.2
562000,281,-0.002624,0.000183,0.006672,0.003324,0.004125,-0.041942,1440.00,1837.9
564000,282,-0.001909,0.000095,0.004864,0.003701,0.005500,-0.041942,1440.00,1835.0
566000,283,-0.003646,0.000098,0.004836,0.001923,0.005750,-0.041942,1440.00,1903.4
568000,284,-0.001341,0.000086,0.002212,0.002037,0.002500,-0.041942,1440.00,1839.9
570000,285,-0.001494,0.000070,0.004796,0.002024,0.004250,-0.041942,1440.00,1950.4
572000,286,-0.002372,0.000076,0.003611,0.004728,0.004500,-0.041942,1440.00,1943.6
574000,287,-0.000405,0.000045,0.000502,0.000569,0.000375,-0.041942,1440.00,1973.8
576000,288,-0.002174,0.000084,0.004938,0.002058,0.004875,-0.061267,1440.00,1956.8
578000,289,0.000002,0.000071,0.000216,0.000000,0.000000,-0.061267,1440.00,1946.7
580000,290,-0.000671,0.000160,0.000042,0.001833,0.000375,-0.061267,1440.00,1919.3
582000,291,0.000005,0.000628,0.000015,0.000000,0.000000,-0.061267,1440.00,1951.7
584000,292,-0.000858,0.000517,0.001182,0.000137,0.000375,-0.061267,1440.00,1853.4
586000,293,0.000015,0.000206,0.000045,0.000000,0.000000,-0.061267,1440.00,1849.6
588000,294,-0.002502,0.000243,0.000682,0.006766,0.001625,-0.061267,1440.00,1873.1
590000,295,-0.000001,0.000989,0.000001,0.000000,0.000000,-0.061267,1440.00,1943.7
592000,296,-0.000259,0.002709,0.000314,0.007429,0.001625,-0.061267,1440.00,1904.6
594000,297,-0.000000,0.001420,0.000007,0.000000,0.000000,-0.061267,1440.00,1872.9
596000,298,0.000002,0.000392,0.000039,0.000000,0.000000,-0.061267,1440.00,1947.1
598000,299,-0.000113,0.000717,0.000260,0.000070,0.000375,-0.061267,1440.00,2017.5
600000,300,-0.000886,0.005346,0.000078,0.002870,0.000375,-0.061392,1440.00,1951.5
602000,301,-0.000020,0.000383,0.000024,0.000000,0.000000,-0.061392,1440.00,1883.1
604000,302,-0.000024,0.001525,0.000175,0.000230,0.000375,-0.061392,1440.00,1823.7
606000,303,-0.000000,0.000479,0.000012,0.000000,0.000000,-0.061392,1440.00,1873.2
608000,304,0.000000,0.002150,0.000000,-0.000000,0.000000,-0.061392,1440.00,1838.8
610000,305,0.000000,0.000139,0.000000,0.000000,0.000000,-0.061392,1440.00,1899.4
612000,306,0.000000,0.000307,0.000031,0.000000,0.000000,-0.061392,1440.00,2002.1
614000,307,0.000000,0.001440,0.000002,0.000000,0.000000,-0.061392,1440.00,2162.5
616000,308,0.000000,0.000403,0.000000,0.000000,0.000000,-0.061392,1440.00,2245.8
618000,309,-0.000000,0.004048,0.000000,0.000000,0.000000,-0.061392,1440.00,1998.1
620000,310,0.000002,0.005129,0.000049,0.000000,0.000000,-0.061392,1440.00,1816.6
622000,311,-0.000000,0.004314,0.000006,0.000000,0.000000,-0.061392,1440.00,1829.6
624000,312,-0.000205,0.004624,0.000931,0.000080,0.000875,-0.059485,1440.00,1951.3
626000,313,-0.000005,0.004182,0.000015,0.000000,0.000000,-0.059485,1440.00,1884.2
628000,314,0.000000,0.003588,0.000016,0.000000,0.000000,-0.059485,1440.00,1824.3
630000,315,-0.000000,0.003380,0.000001,-0.000000,0.000000,-0.059485,1440.00,1971.2
632000,316,-0.000000,0.003094,0.000001,-0.000000,0.000000,-0.059485,1440.00,2047.8
634000,317,0.000000,0.002820,0.000015,0.000000,0.000000,-0.059485,1440.00,2196.2
636000,318,-0.000000,0.002622,0.000002,-0.000000,0.000000,-0.059485,1440.00,2022.4
638000,319,-0.000000,0.002618,0.000004,-0.000000,0.000000,-0.059485,1440.00,1963.7
640000,320,0.000004,0.002416,0.000141,0.000000,0.000000,-0.059485,1440.00,1845.6
642000,321,-0.000000,0.002183,0.000002,-0.000000,0.000000,-0.059485,1440.00,1850.2
644000,322,-0.001435,0.001012,0.000371,0.000583,0.001125,-0.059485,1440.00,1920.6
646000,323,-0.000000,0.000326,0.000000,0.000000,0.000000,-0.059065,1440.00,1777.3
648000,324,-0.000000,0.000316,0.000000,0.000000,0.000000,-0.059065,1440.00,1876.2
650000,325,-0.000000,0.000327,0.000000,0.000000,0.000000,-0.059065,1440.00,1843.2
652000,326,-0.000000,0.000289,0.000000,-0.000000,0.000000,-0.059065,1440.00,1892.4
654000,327,-0.000000,0.000293,0.000001,0.000000,0.000000,-0.059065,1440.00,1796.7
656000,328,-0.000000,0.000087,0.000000,0.000000,0.000000,-0.059065,1440.00,1896.3
658000,329,-0.000000,0.000231,0.000000,0.000000,0.000000,-0.059065,1440.00,1887.8
660000,330,-0.000000,0.000119,0.000003,-0.000000,0.000000,-0.059065,1440.00,1708.9
662000,331,-0.000000,0.000254,0.000003,0.000000,0.000000,-0.059065,1440.00,1803.6
664000,332,-0.000000,0.000051,0.000000,0.000000,0.000000,-0.059065,1440.00,1880.8
666000,333,-0.000000,0.000232,0.000001,0.000000,0.000000,-0.059065,1440.00,1780.0
668000,334,-0.000000,0.000247,0.000000,0.000000,0.000000,-0.059065,1440.00,1957.0
670000,335,-0.000000,0.000074,0.000000,0.000000,0.000000,-0.058683,1440.00,1966.4
672000,336,-0.000000,0.000038,0.000002,0.000000,0.000000,-0.058683,1440.00,1907.7
674000,337,-0.000000,0.000031,0.000007,0.000000,0.000000,-0.058683,1440.00,1875.2
676000,338,-0.000000,0.000046,0.000000,0.000000,0.000000,-0.058683,1440.00,1898.2
678000,339,-0.000000,0.000030,0.000001,0.000000,0.000000,-0.058683,1440.00,1991.3
680000,340,-0.000000,0.000017,0.000001,0.000000,0.000000,-0.058683,1440.00,2064.3
682000,341,-0.000000,0.000022,0.000001,0.000000,0.000000,-0.058683,1440.00,1982.8
684000,342,-0.000000,0.000021,0.000006,0.000000,0.000000,-0.058683,1440.00,2235.4
686000,343,-0.000000,0.000014,0.000003,0.000000,0.000000,-0.058683,1440.00,2176.8
688000,344,-0.000000,0.000013,0.000002,0.000000,0.000000,-0.058683,1440.00,1896.2
690000,345,-0.000000,0.000011,0.000000,0.000000,0.000000,-0.058683,1440.00,1842.8
692000,346,-0.000000,0.000016,0.000000,0.000000,0.000000,-0.053898,1440.00,2025.7
694000,347,-0.000000,0.000013,0.000001,0.000000,0.000000,-0.053898,1440.00,2193.3
696000,348,-0.000000,0.000011,0.000008,0.000000,0.000000,-0.053898,1440.00,1871.6
698000,349,-0.000000,0.000012,0.000003,-0.000000,0.000000,-0.053898,1440.00,1876.5
700000,350,-0.000000,0.000011,0.000001,0.000000,0.000000,-0.053898,1440.00,1911.9
702000,351,-0.000000,0.000010,0.000003,0.000000,0.000000,-0.053898,1440.00,1791.7
704000,352,-0.000000,0.000009,0.000000,0.000000,0.000000,-0.053898,1440.00,1966.2
706000,353,-0.000000,0.000009,0.000001,0.000000,0.000000,-0.053898,1440.00,2070.4
708000,354,-0.000000,0.000009,0.000001,0.000000,0.000000,-0.053898,1440.00,2008.2
710000,355,-0.000000,0.000008,0.000001,0.000000,0.000000,-0.053898,1440.00,2059.9
712000,356,-0.000000,0.000011,0.000004,0.000000,0.000000,-0.053898,1440.00,1818.4
714000,357,0.000000,0.000011,0.000001,0.000000,0.000000,-0.053898,1440.00,1857.5
716000,358,-0.000000,0.000015,0.000001,0.000000,0.000000,-0.038746,1440.00,1979.5
718000,359,-0.000000,0.000008,0.000001,0.000000,0.000000,-0.038746,1440.00,2062.3
720000,360,0.000000,0.000008,0.000001,0.000000,0.000000,-0.038746,1440.00,1987.3
722000,361,-0.000000,0.000007,0.000000,0.000000,0.000000,-0.038746,1440.00,2118.8
724000,362,-0.000000,0.000009,0.000001,0.000000,0.000000,-0.038746,1440.00,1848.2
726000,363,0.000000,0.000014,0.000001,0.000000,0.000000,-0.038746,1440.00,1932.8
728000,364,0.000000,0.000010,0.000003,0.000000,0.000000,-0.038746,1440.00,1816.2
730000,365,0.000000,0.000009,0.000000,0.000000,0.000000,-0.038746,1440.00,1908.8
732000,366,0.000000,0.000008,0.000001,0.000000,0.000000,-0.038746,1440.00,1855.9
734000,367,0.000000,0.000012,0.000001,0.000000,0.000000,-0.038746,1440.00,1941.6
736000,368,-0.000004,0.000015,0.000151,0.000000,0.000000,-0.038746,1440.00,2008.0
738000,369,0.000000,0.000024,0.000000,0.000000,0.000000,-0.033645,1440.00,2017.3
740000,370,0.000000,0.000013,0.000000,0.000000,0.000000,-0.033645,1440.00,1999.2
742000,371,0.000000,0.000028,0.000000,0.000000,0.000000,-0.033645,1440.00,2014.4
744000,372,0.000000,0.000008,0.000001,0.000000,0.000000,-0.033645,1440.00,1948.7
746000,373,0.000000,0.000008,0.000002,0.000000,0.000000,-0.033645,1440.00,1817.7
748000,374,0.000000,0.000013,0.000000,0.000000,0.000000,-0.033645,1440.00,1852.5
750000,375,0.000000,0.000013,0.000000,0.000000,0.000000,-0.033645,1440.00,1831.8
752000,376,-0.000006,0.000014,0.000039,0.000000,0.000000,-0.033645,1440.00,2023.9
754000,377,0.000000,0.000012,0.000001,0.000000,0.000000,-0.033645,1440.00,1992.2
756000,378,0.000000,0.000010,0.000002,-0.000000,0.000000,-0.033645,1440.00,1961.7
758000,379,0.000000,0.000009,0.000002,0.000000,0.000000,-0.033645,1440.00,1986.7
760000,380,0.000000,0.000008,0.000001,0.000000,0.000000,-0.033645,1440.00,2093.7
762000,381,-0.000000,0.000013,0.000002,0.000000,0.000000,-0.033722,1440.00,1917.8
764000,382,0.000000,0.000008,0.000001,0.000000,0.000000,-0.033722,1440.00,2115.3
766000,383,-0.000000,0.000008,0.000001,0.000000,0.000000,-0.033722,1440.00,1989.4
768000,384,0.000000,0.000013,0.000002,0.000000,0.000000,-0.033722,1440.00,2189.7
770000,385,-0.000000,0.000008,0.000009,0.000000,0.000000,-0.033722,1440.00,1995.4
772000,386,-0.000000,0.000009,0.000002,0.000000,0.000000,-0.033722,1440.00,1903.9
774000,387,-0.000227,0.000011,0.000176,0.000006,0.000125,-0.033722,1440.00,1799.6
776000,388,-0.000000,0.000009,0.000005,-0.000000,0.000000,-0.033722,1440.00,1929.2
778000,389,-0.001460,0.000011,0.000392,0.000537,0.000625,-0.033722,1440.00,1878.9
780000,390,0.000000,0.000010,0.000012,-0.000000,0.000000,-0.033722,1440.00,1864.8
782000,391,-0.000000,0.000013,0.000032,0.000000,0.000000,-0.033722,1440.00,1906.5
784000,392,-0.000098,0.000017,0.000146,0.000001,0.000000,-0.033763,1440.00,1847.5
786000,393,-0.000760,0.000020,0.001182,0.001275,0.001500,-0.033763,1440.00,1876.5
788000,394,-0.002487,0.000043,0.001892,0.004628,0.002750,-0.033763,1440.00,2011.6
790000,395,-0.002705,0.000025,0.000312,0.000101,0.001750,-0.033763,1440.00,2015.9
792000,396,-0.000014,0.000016,0.000077,0.000000,0.000000,-0.033763,1440.00,2031.0
794000,397,-0.000002,0.000021,0.000107,0.000000,0.000000,-0.033763,1440.00,1993.1
796000,398,-0.000000,0.000018,0.000097,0.000000,0.000000,-0.033763,1440.00,2131.4
798000,399,-0.000001,0.000018,0.000036,0.000000,0.000000,-0.033763,1440.00,2068.1
800000,400,-0.000000,0.000014,0.000048,-0.000000,0.000000,-0.033763,1440.00,1878.4
802000,401,-0.000003,0.000014,0.000128,0.000000,0.000000,-0.033763,1440.00,1933.9
804000,402,-0.000000,0.000016,0.000062,0.000000,0.000000,-0.033763,1440.00,1802.1
806000,403,-0.000011,0.000014,0.000114,0.000000,0.000000,-0.033763,1440.00,1771.7
808000,404,0.000001,0.000017,0.000057,-0.000000,0.000000,-0.034019,1440.00,1457.8
810000,405,-0.000092,0.000016,0.000188,0.000000,0.000000,-0.034019,1440.00,1213.5
812000,406,0.000001,0.000014,0.000047,0.000000,0.000000,-0.034019,1440.00,1305.3
814000,407,0.000000,0.000011,0.000023,0.000000,0.000000,-0.034019,1440.00,1253.9
816000,408,-0.000000,0.000011,0.000016,0.000000,0.000000,-0.034019,1440.00,1133.7
818000,409,-0.000000,0.000015,0.000037,0.000000,0.000000,-0.034019,1440.00,1188.5
820000,410,-0.000005,0.000020,0.000032,0.000000,0.000000,-0.034019,1440.00,1151.6
822000,411,0.001008,0.000058,0.003469,0.014539,0.004000,-0.034019,1440.00,1177.2
824000,412,0.000181,0.000090,0.008557,0.008273,0.006625,-0.034019,1440.00,1076.6
826000,413,0.002297,0.000246,0.039687,0.020991,0.024000,-0.034019,1440.00,1119.5
828000,414,-0.008587,0.000236,0.043020,0.008307,0.018625,-0.034019,1440.00,1117.8
830000,415,0.002631,0.000242,0.031278,0.012849,0.026375,-0.054808,1440.00,1139.5
832000,416,0.009545,0.000128,0.012632,0.009711,0.014750,-0.054808,1440.00,1130.7
834000,417,0.001320,0.000099,0.002455,0.002360,0.003250,-0.054808,1440.00,1119.4
836000,418,-0.000994,0.000082,0.002987,0.001565,0.002250,-0.054808,1440.00,1131.4
838000,419,0.000297,0.000075,0.001576,0.058432,0.002875,-0.054808,1440.00,1224.1
840000,420,-0.001182,0.000089,0.004696,0.000394,0.002000,-0.054808,1440.00,1200.4
842000,421,-0.001966,0.000075,0.009642,0.000509,0.002375,-0.054808,1440.00,1123.7
844000,422,-0.000201,0.000050,0.002038,0.001424,0.000875,-0.054808,1440.00,1150.1
846000,423,-0.001532,0.000043,0.001250,0.000677,0.001375,-0.054808,1440.00,1341.6
848000,424,-0.000044,0.000040,0.000240,0.000000,0.000000,-0.054808,1440.00,1355.4
850000,425,-0.000003,0.000100,0.000205,0.000000,0.000000,-0.054808,1440.00,1265.0
852000,426,0.000000,0.000106,0.000046,0.000000,0.000000,-0.054808,1440.00,1323.3
854000,427,-0.000003,0.000831,0.000223,0.000000,0.000000,-0.065095,1440.00,1343.7
856000,428,-0.000002,0.000038,0.000174,0.000000,0.000000,-0.065095,1440.00,1363.6
858000,429,0.000000,0.000024,0.000027,0.000000,0.000000,-0.065095,1440.00,1258.8
860000,430,-0.000005,0.000042,0.000165,0.000000,0.000000,-0.065095,1440.00,1361.0
862000,431,-0.000004,0.000022,0.000097,0.000000,0.000000,-0.065095,1440.00,1316.0
864000,432,-0.000120,0.000028,0.000249,0.000567,0.000375,-0.065095,1440.00,1325.5
866000,433,0.000000,0.000026,0.000012,0.000000,0.000000,-0.065095,1440.00,1353.1
868000,434,-0.000000,0.000022,0.000018,0.000000,0.000000,-0.065095,1440.00,1293.1
870000,435,-0.000000,0.000018,0.000014,0.000000,0.000000,-0.065095,1440.00,1318.3
872000,436,-0.000000,0.000018,0.000006,0.000000,0.000000,-0.065095,1440.00,1349.7
874000,437,-0.000000,0.000021,0.000012,0.000000,0.000000,-0.065095,1440.00,1261.3
876000,438,-0.000000,0.000022,0.000011,0.000000,0.000000,-0.066151,1440.00,1161.9
878000,439,-0.000001,0.000164,0.000072,0.000000,0.000000,-0.066151,1440.00,1295.3
880000,440,-0.000000,0.000682,0.000004,0.000000,0.000000,-0.066151,1440.00,1308.2
882000,441,0.000000,0.002613,0.000057,-0.000000,0.000000,-0.066151,1440.00,1332.9
884000,442,-0.000000,0.000449,0.000010,-0.000000,0.000000,-0.066151,1440.00,1331.8
886000,443,-0.000000,0.000520,0.000011,-0.000000,0.000000,-0.066151,1440.00,1316.3
888000,444,0.000000,0.001644,0.000008,-0.000000,0.000000,-0.066151,1440.00,1300.8
890000,445,0.000000,0.000018,0.000025,-0.000000,0.000000,-0.066151,1440.00,1222.3
892000,446,-0.000000,0.000016,0.000008,0.000000,0.000000,-0.066151,1440.00,1283.4
894000,447,-0.000000,0.000013,0.000015,0.000000,0.000000,-0.066151,1440.00,1137.1
896000,448,-0.000000,0.000014,0.000024,0.000000,0.000000,-0.066151,1440.00,1219.9
898000,449,-0.000000,0.000013,0.000015,0.000000,0.000000,-0.066151,1440.00,1116.3
900000,450,-0.000000,0.000018,0.000017,-0.000000,0.000000,-0.066456,1440.00,1359.3
902000,451,0.000000,0.000038,0.000010,0.000000,0.000000,-0.066456,1440.00,1366.1
904000,452,-0.000000,0.000015,0.000020,-0.000000,0.000000,-0.066456,1440.00,1412.9
906000,453,-0.000000,0.000012,0.000011,0.000000,0.000000,-0.066456,1440.00,1360.8
908000,454,-0.000000,0.000015,0.000018,0.000000,0.000000,-0.066456,1440.00,1337.5
910000,455,0.000000,0.000012,0.000006,0.000000,0.000000,-0.066456,1440.00,1322.4
912000,456,0.000000,0.000012,0.000005,0.000000,0.000000,-0.066456,1440.00,1361.1
914000,457,-0.000000,0.000013,0.000014,-0.000000,0.000000,-0.066456,1440.00,1382.9
916000,458,-0.000000,0.000010,0.000012,0.000000,0.000000,-0.066456,1440.00,1318.1
918000,459,-0.000000,0.000012,0.000015,0.000000,0.000000,-0.066456,1440.00,1383.1
920000,460,-0.000000,0.000012,0.000011,0.000000,0.000000,-0.066456,1440.00,1372.8
922000,461,-0.000001,0.000019,0.000027,0.000000,0.000000,-0.066252,1440.00,1379.2
924000,462,-0.000429,0.000019,0.000097,0.000002,0.000000,-0.066252,1440.00,1310.2
926000,463,0.000000,0.000642,0.000003,0.000000,0.000000,-0.066252,1440.00,1259.4
928000,464,-0.000000,0.000115,0.000001,0.000000,0.000000,-0.066252,1440.00,1369.1
930000,465,-0.000000,0.000048,0.000004,0.000000,0.000000,-0.066252,1440.00,1348.4
932000,466,-0.000000,0.000109,0.000003,-0.000000,0.000000,-0.066252,1440.00,1382.9
934000,467,-0.000000,0.000100,0.000001,0.000000,0.000000,-0.066252,1440.00,1404.3
936000,468,-0.000000,0.000115,0.000002,0.000000,0.000000,-0.066252,1440.00,1277.9
938000,469,-0.000000,0.000036,0.000003,0.000000,0.000000,-0.066252,1440.00,1345.7
940000,470,-0.000000,0.000038,0.000003,0.000000,0.000000,-0.066252,1440.00,1328.7
942000,471,-0.000000,0.000028,0.000006,0.000000,0.000000,-0.066252,1440.00,1301.6
944000,472,-0.000000,0.000078,0.000003,0.000000,0.000000,-0.066252,1440.00,1306.6
946000,473,-0.000000,0.000018,0.000003,0.000000,0.000000,-0.065649,1440.00,1330.0
948000,474,-0.000000,0.000031,0.000004,0.000000,0.000000,-0.065649,1440.00,1318.3
950000,475,-0.000000,0.000015,0.000001,0.000000,0.000000,-0.065649,1440.00,1359.7
952000,476,-0.000000,0.000028,0.000001,0.000000,0.000000,-0.065649,1440.00,1243.7
954000,477,-0.000000,0.000120,0.000002,0.000000,0.000000,-0.065649,1440.00,1275.2
956000,478,-0.000000,0.000484,0.000004,-0.000000,0.000000,-0.065649,1440.00,1190.0
958000,479,-0.000000,0.001558,0.000005,-0.000000,0.000000,-0.065649,1440.00,1176.5
960000,480,-0.000000,0.000040,0.000003,-0.000000,0.000000,-0.065649,1440.00,1318.9
962000,481,-0.000000,0.000067,0.000005,-0.000000,0.000000,-0.065649,1440.00,1329.7
964000,482,-0.000000,0.000071,0.000016,0.000000,0.000000,-0.065649,1440.00,1263.4
966000,483,-0.000000,0.000148,0.000007,-0.000000,0.000000,-0.065649,1440.00,975.9
968000,484,-0.000000,0.000899,0.000001,-0.000000,0.000000,-0.050133,1440.00,1103.8
970000,485,0.000000,0.001952,0.000003,-0.000000,0.000000,-0.050133,1440.00,1125.1
972000,486,0.000000,0.000391,0.000004,-0.000000,0.000000,-0.050133,1440.00,1165.7
974000,487,-0.000000,0.000427,0.000008,-0.000000,0.000000,-0.050133,1440.00,1093.2
976000,488,-0.000000,0.000089,0.000014,-0.000000,0.000000,-0.050133,1440.00,1187.6
978000,489,0.000000,0.000073,0.000011,-0.000000,0.000000,-0.050133,1440.00,1224.2
980000,490,0.000000,0.000051,0.000011,-0.000000,0.000000,-0.050133,1440.00,1279.4
982000,491,0.000000,0.000037,0.000005,0.000000,0.000000,-0.050133,1440.00,1026.3
984000,492,0.000000,0.000031,0.000010,0.000000,0.000000,-0.050133,1440.00,1287.9
986000,493,0.000000,0.000018,0.000010,0.000000,0.000000,-0.050133,1440.00,1311.1
988000,494,0.000000,0.000034,0.000009,0.000000,0.000000,-0.050133,1440.00,1368.0
990000,495,0.000000,0.000016,0.000012,0.000000,0.000000,-0.050133,1440.00,1349.5
992000,496,0.000000,0.000020,0.000012,0.000000,0.000000,-0.037191,1440.00,1353.6
994000,497,0.000000,0.000012,0.000005,0.000000,0.000000,-0.037191,1440.00,1352.1
996000,498,0.000000,0.000010,0.000008,0.000000,0.000000,-0.037191,1440.00,1307.0
998000,499,0.000000,0.000011,0.000014,0.000000,0.000000,-0.037191,1440.00,1305.1
1000000,500,0.000000,0.000012,0.000007,0.000000,0.000000,-0.037191,1440.00,1407.9
1002000,501,-0.000000,0.000015,0.000008,0.000000,0.000000,-0.037191,1440.00,1240.0
1004000,502,0.000000,0.000013,0.000018,0.000000,0.000000,-0.037191,1440.00,1223.6
1006000,503,0.000000,0.000009,0.000008,0.000000,0.000000,-0.037191,1440.00,1303.4
1008000,504,0.000000,0.000009,0.000014,0.000000,0.000000,-0.037191,1440.00,1402.4
1010000,505,0.000000,0.000008,0.000014,0.000000,0.000000,-0.037191,1440.00,1441.1
1012000,506,0.000000,0.000006,0.000006,0.000000,0.000000,-0.037191,1440.00,1333.3
1014000,507,0.000000,0.000009,0.000006,0.000000,0.000000,-0.032770,1440.00,1290.8
1016000,508,-0.000000,0.000008,0.000010,0.000000,0.000000,-0.032770,1440.00,1331.7
1018000,509,0.000000,0.000007,0.000010,0.000000,0.000000,-0.032770,1440.00,1266.8
1020000,510,0.000000,0.000007,0.000005,0.000000,0.000000,-0.032770,1440.00,1329.3
1022000,511,0.000000,0.000007,0.000006,0.000000,0.000000,-0.032770,1440.00,1307.3
1024000,512,0.000000,0.000007,0.000007,0.000000,0.000000,-0.032770,1440.00,1329.9
1026000,513,0.000000,0.000008,0.000008,0.000000,0.000000,-0.032770,1440.00,1294.9
1028000,514,-0.000000,0.000009,0.000017,-0.000000,0.000000,-0.032770,1440.00,1281.1
1030000,515,0.000000,0.000007,0.000011,-0.000000,0.000000,-0.032770,1440.00,1221.8
1032000,516,-0.000000,0.000006,0.000008,0.000000,0.000000,-0.032770,1440.00,1326.3
1034000,517,-0.000000,0.000008,0.000031,0.000000,0.000000,-0.032770,1440.00,1308.9
1036000,518,0.000000,0.000007,0.000004,0.000000,0.000000,-0.032770,1440.00,1323.2
1038000,519,-0.000000,0.000008,0.000012,0.000000,0.000000,-0.033450,1440.00,1344.2
1040000,520,-0.000000,0.000006,0.000006,0.000000,0.000000,-0.033450,1440.00,1301.2
1042000,521,-0.000000,0.000007,0.000010,0.000000,0.000000,-0.033450,1440.00,1350.7
1044000,522,-0.000001,0.000008,0.000022,0.000000,0.000000,-0.033450,1440.00,1315.9
1046000,523,0.000000,0.000006,0.000003,0.000000,0.000000,-0.033450,1440.00,1392.1
1048000,524,0.000000,0.000007,0.000010,0.000000,0.000000,-0.033450,1440.00,1267.1
1050000,525,0.000000,0.000005,0.000003,0.000000,0.000000,-0.033450,1440.00,1399.4
1052000,526,-0.000000,0.000007,0.000007,0.000000,0.000000,-0.033450,1440.00,1390.8
1054000,527,-0.000000,0.000010,0.000008,0.000000,0.000000,-0.033450,1440.00,1403.1
1056000,528,-0.000000,0.000008,0.000004,-0.000000,0.000000,-0.033450,1440.00,1377.7
1058000,529,-0.000000,0.000007,0.000011,0.000000,0.000000,-0.033450,1440.00,1326.4
1060000,530,-0.000000,0.000007,0.000008,-0.000000,0.000000,-0.033408,1440.00,1384.3
1062000,531,-0.000000,0.000006,0.000006,0.000000,0.000000,-0.033408,1440.00,1392.4
1064000,532,-0.000000,0.000010,0.000006,0.000000,0.000000,-0.033408,1440.00,1398.0
1066000,533,-0.000000,0.000007,0.000011,0.000000,0.000000,-0.033408,1440.00,1402.5
1068000,534,-0.000000,0.000007,0.000004,0.000000,0.000000,-0.033408,1440.00,1349.0
1070000,535,-0.000000,0.000007,0.000031,0.000000,0.000000,-0.033408,1440.00,1399.9
1072000,536,-0.000000,0.000006,0.000009,0.000000,0.000000,-0.033408,1440.00,1358.0
1074000,537,-0.000000,0.000006,0.000007,0.000000,0.000000,-0.033408,1440.00,1357.0
1076000,538,-0.000000,0.000006,0.000025,0.000000,0.000000,-0.033408,1440.00,1414.1
1078000,539,-0.000000,0.000005,0.000012,0.000000,0.000000,-0.033408,1440.00,1413.7
1080000,540,0.000000,0.000006,0.000005,0.000000,0.000000,-0.033408,1440.00,1438.6
1082000,541,-0.000000,0.000012,0.000007,0.000000,0.000000,-0.033408,1440.00,1349.2
1084000,542,0.000000,0.000320,0.000004,0.000000,0.000000,-0.032274,1440.00,1425.2
1086000,543,0.000000,0.002078,0.000009,-0.000000,0.000000,-0.032274,1440.00,1344.8
1088000,544,-0.000000,0.000015,0.000010,-0.000000,0.000000,-0.032274,1440.00,1434.1
1090000,545,0.000000,0.000013,0.000015,-0.000000,0.000000,-0.032274,1440.00,1375.9
1092000,546,0.000000,0.000019,0.000009,0.000000,0.000000,-0.032274,1440.00,1377.1
1094000,547,-0.000000,0.000013,0.000021,0.000000,0.000000,-0.032274,1440.00,1369.9
1096000,548,0.000000,0.000012,0.000014,0.000000,0.000000,-0.032274,1440.00,1367.6
1098000,549,0.000000,0.000006,0.000003,0.000000,0.000000,-0.032274,1440.00,1293.4
1100000,550,0.000000,0.000008,0.000011,0.000000,0.000000,-0.032274,1440.00,1414.6
1102000,551,0.000000,0.000006,0.000008,0.000000,0.000000,-0.032274,1440.00,1397.0
1104000,552,0.000000,0.000005,0.000007,0.000000,0.000000,-0.032274,1440.00,1329.8
1106000,553,0.000000,0.000006,0.000003,0.000000,0.000000,-0.032654,1440.00,1503.6
1108000,554,0.000000,0.000010,0.000011,0.000000,0.000000,-0.032654,1440.00,1403.6
1110000,555,-0.000000,0.000007,0.000017,0.000000,0.000000,-0.032654,1440.00,1408.2
1112000,556,0.000000,0.000005,0.000004,0.000000,0.000000,-0.032654,1440.00,1305.7
1114000,557,0.000000,0.000007,0.000012,0.000000,0.000000,-0.032654,1440.00,1421.3
1116000,558,0.000000,0.000007,0.000018,0.000000,0.000000,-0.032654,1440.00,1325.0
1118000,559,0.000000,0.000006,0.000008,0.000000,0.000000,-0.032654,1440.00,1403.9
1120000,560,0.000000,0.000022,0.000004,0.000000,0.000000,-0.032654,1440.00,1392.1
1122000,561,0.000000,0.000021,0.000010,-0.000000,0.000000,-0.032654,1440.00,1373.6
1124000,562,0.000000,0.000017,0.000009,0.000000,0.000000,-0.032654,1440.00,1467.7
1126000,563,0.000000,0.000007,0.000008,0.000000,0.000000,-0.032654,1440.00,1281.5
1128000,564,0.000000,0.000013,0.000008,0.000000,0.000000,-0.032654,1440.00,1304.9
1130000,565,0.000000,0.000035,0.000017,-0.000000,0.000000,-0.034350,1440.00,1206.0
1132000,566,-0.000001,0.000010,0.000016,0.000000,0.000000,-0.034350,1440.00,1320.3
1134000,567,0.000000,0.000012,0.000013,0.000000,0.000000,-0.034350,1440.00,1372.0
1136000,568,0.000000,0.000006,0.000021,0.000000,0.000000,-0.034350,1440.00,1422.6
1138000,569,0.000000,0.000009,0.000013,-0.000000,0.000000,-0.034350,1440.00,1352.6
1140000,570,0.000000,0.000008,0.000009,0.000000,0.000000,-0.034350,1440.00,1323.6
1142000,571,-0.000000,0.000006,0.000017,-0.000000,0.000000,-0.034350,1440.00,1299.4
1144000,572,0.000000,0.000066,0.000016,-0.000000,0.000000,-0.034350,1440.00,1260.0
1146000,573,0.000000,0.000884,0.000010,-0.000000,0.000000,-0.034350,1440.00,1234.6
1148000,574,-0.000000,0.000653,0.000016,-0.000000,0.000000,-0.034350,1440.00,1241.4
1150000,575,0.000000,0.000011,0.000033,-0.000000,0.000000,-0.034350,1440.00,1291.2
1152000,576,0.000000,0.000007,0.000011,0.000000,0.000000,-0.034774,1440.00,1280.6
1154000,577,0.000000,0.000011,0.000021,0.000000,0.000000,-0.034774,1440.00,1291.6
1156000,578,0.000000,0.000016,0.000012,0.000000,0.000000,-0.034774,1440.00,1195.6
1158000,579,0.000000,0.000006,0.000021,0.000000,0.000000,-0.034774,1440.00,1217.4
1160000,580,-0.000000,0.000011,0.000021,-0.000000,0.000000,-0.034774,1440.00,1182.8
1162000,581,-0.000000,0.000007,0.000050,-0.000000,0.000000,-0.034774,1440.00,1524.5
1164000,582,-0.000001,0.000007,0.000067,-0.000000,0.000000,-0.034774,1440.00,1761.2
1166000,583,0.000000,0.000006,0.000039,-0.000000,0.000000,-0.034774,1440.00,1711.9
1168000,584,-0.000000,0.000007,0.000063,0.000000,0.000000,-0.034774,1440.00,1529.4
1170000,585,-0.000000,0.000007,0.000036,0.000000,0.000000,-0.034774,1440.00,1505.7
1172000,586,-0.000000,0.000006,0.000025,0.000000,0.000000,-0.034774,1440.00,1791.0
1174000,587,0.000000,0.000006,0.000024,0.000000,0.000000,-0.034774,1440.00,1772.1
1176000,588,-0.000000,0.000007,0.000021,-0.000000,0.000000,-0.033299,1440.00,1902.4
1178000,589,-0.000000,0.000005,0.000022,-0.000000,0.000000,-0.033299,1440.00,1976.7
1180000,590,-0.000001,0.000006,0.000057,-0.000000,0.000000,-0.033299,1440.00,1941.8
1182000,591,-0.000000,0.000005,0.000045,-0.000000,0.000000,-0.033299,1440.00,1662.6
1184000,592,-0.000000,0.000005,0.000049,-0.000000,0.000000,-0.033299,1440.00,1416.7
1186000,593,0.000000,0.000006,0.000032,0.000000,0.000000,-0.033299,1440.00,1489.6
1188000,594,-0.000000,0.000008,0.000032,0.000000,0.000000,-0.033299,1440.00,1917.0
1190000,595,-0.000000,0.000006,0.000043,-0.000000,0.000000,-0.033299,1440.00,1615.6
1192000,596,-0.000000,0.000006,0.000034,0.000000,0.000000,-0.033299,1440.00,1238.8
1194000,597,0.000000,0.000011,0.000008,0.000000,0.000000,-0.033299,1440.00,1486.9
1196000,598,-0.000021,0.000006,0.000052,0.000000,0.000000,-0.033299,1440.00,2219.4
1198000,599,-0.000000,0.000066,0.000008,0.000000,0.000000,-0.033299,1440.00,2460.7
1200000,600,-0.000000,0.000532,0.000025,-0.000000,0.000000,-0.032596,1440.00,2051.0
1202000,601,0.000000,0.000227,0.000015,-0.000000,0.000000,-0.032596,1440.00,2538.8
1204000,602,-0.000000,0.000047,0.000025,-0.000000,0.000000,-0.032596,1440.00,2732.8
1206000,603,-0.000000,0.000044,0.000037,0.000000,0.000000,-0.032596,1440.00,2969.4
1208000,604,-0.000000,0.000015,0.000025,0.000000,0.000000,-0.032596,1440.00,2824.0
1210000,605,-0.000000,0.000039,0.000026,0.000000,0.000000,-0.032596,1440.00,3182.7
1212000,606,-0.000000,0.000011,0.000033,0.000000,0.000000,-0.032596,1440.00,3258.3
1214000,607,-0.000000,0.000010,0.000044,-0.000000,0.000000,-0.032596,1440.00,3091.0
1216000,608,-0.000000,0.000063,0.000023,-0.000000,0.000000,-0.032596,1440.00,3024.8
1218000,609,-0.000000,0.000066,0.000013,-0.000000,0.000000,-0.032596,1440.00,3115.0
1220000,610,-0.000000,0.000026,0.000033,-0.000000,0.000000,-0.032596,1440.00,2240.0
1222000,611,-0.000000,0.000010,0.000045,-0.000000,0.000000,-0.032559,1440.00,2171.3
1224000,612,-0.000005,0.000008,0.000061,0.000000,0.000000,-0.032559,1440.00,2447.4
1226000,613,-0.000000,0.000005,0.000054,0.000000,0.000000,-0.032559,1440.00,2631.5
1228000,614,0.000000,0.000004,0.000017,0.000000,0.000000,-0.032559,1440.00,2637.6
1230000,615,0.000000,0.000014,0.000014,0.000000,0.000000,-0.032559,1440.00,2703.7
1232000,616,-0.000000,0.000012,0.000029,-0.000000,0.000000,-0.032559,1440.00,2980.9
1234000,617,0.000000,0.000009,0.000021,0.000000,0.000000,-0.032559,1440.00,2108.7
1236000,618,-0.000000,0.000007,0.000027,0.000000,0.000000,-0.032559,1440.00,2364.9
1238000,619,0.000000,0.000007,0.000022,-0.000000,0.000000,-0.032559,1440.00,2388.6
1240000,620,0.000000,0.000004,0.000027,0.000000,0.000000,-0.032559,1440.00,2658.6
1242000,621,-0.000005,0.000007,0.000033,0.000000,0.000000,-0.032559,1440.00,2733.3
1244000,622,0.000000,0.000005,0.000031,0.000000,0.000000,-0.032559,1440.00,2580.1
1246000,623,-0.000000,0.000007,0.000005,0.000000,0.000000,-0.032171,1440.00,2747.0
1248000,624,-0.000000,0.000006,0.000008,0.000000,0.000000,-0.032171,1440.00,2913.0
1250000,625,0.000000,0.000006,0.000020,-0.000000,0.000000,-0.032171,1440.00,2640.6
1252000,626,-0.000000,0.000004,0.000015,-0.000000,0.000000,-0.032171,1440.00,2532.0
1254000,627,-0.000000,0.000004,0.000010,-0.000000,0.000000,-0.032171,1440.00,2558.6
1256000,628,0.000000,0.000005,0.000014,0.000000,0.000000,-0.032171,1440.00,2454.3
1258000,629,-0.000000,0.000005,0.000020,0.000000,0.000000,-0.032171,1440.00,1402.2
1260000,630,-0.000000,0.000007,0.000015,-0.000000,0.000000,-0.032171,1440.00,1566.6
1262000,631,0.000000,0.000009,0.000020,0.000000,0.000000,-0.032171,1440.00,1869.1
1264000,632,-0.000000,0.000005,0.000023,0.000000,0.000000,-0.032171,1440.00,2151.7
1266000,633,-0.000000,0.000005,0.000018,0.000000,0.000000,-0.032171,1440.00,1672.6
1268000,634,0.000000,0.000007,0.000024,0.000000,0.000000,-0.031634,1440.00,1081.2
1270000,635,-0.000000,0.000008,0.000014,0.000000,0.000000,-0.031634,1440.00,1117.6
1272000,636,-0.000000,0.000009,0.000017,-0.000000,0.000000,-0.031634,1440.00,1293.6
1274000,637,0.000000,0.000020,0.000016,-0.000000,0.000000,-0.031634,1440.00,1659.4
1276000,638,0.000000,0.000011,0.000013,-0.000000,0.000000,-0.031634,1440.00,1373.5
1278000,639,0.000000,0.000168,0.000012,-0.000000,0.000000,-0.031634,1440.00,1266.1
1280000,640,-0.000000,0.000006,0.000013,-0.000000,0.000000,-0.031634,1440.00,1719.8
1282000,641,0.000000,0.000011,0.000028,-0.000000,0.000000,-0.031634,1440.00,1605.2
1284000,642,-0.000000,0.000012,0.000049,-0.000000,0.000000,-0.031634,1440.00,1620.8
1286000,643,0.000000,0.000022,0.000018,-0.000000,0.000000,-0.031634,1440.00,1701.8
1288000,644,-0.000000,0.000015,0.000024,0.000000,0.000000,-0.031634,1440.00,1776.9
1290000,645,-0.000000,0.000012,0.000018,0.000000,0.000000,-0.031634,1440.00,1844.0
1292000,646,-0.000000,0.000008,0.000030,0.000000,0.000000,-0.030386,1440.00,1066.4
1294000,647,-0.000000,0.000005,0.000025,0.000000,0.000000,-0.030386,1440.00,1365.4
1296000,648,-0.000000,0.000005,0.000046,-0.000000,0.000000,-0.030386,1440.00,1379.5
1298000,649,-0.000000,0.000004,0.000020,-0.000000,0.000000,-0.030386,1440.00,1585.5
1300000,650,-0.000000,0.000006,0.000033,-0.000000,0.000000,-0.030386,1440.00,1488.2
1302000,651,-0.000000,0.000009,0.000032,-0.000000,0.000000,-0.030386,1440.00,1744.8
1304000,652,-0.000000,0.000087,0.000011,-0.000000,0.000000,-0.030386,1440.00,1688.5
1306000,653,0.000000,0.000007,0.000031,-0.000000,0.000000,-0.030386,1440.00,1545.6
1308000,654,-0.000000,0.000005,0.000019,0.000000,0.000000,-0.030386,1440.00,1525.1
1310000,655,-0.000000,0.000004,0.000028,-0.000000,0.000000,-0.030386,1440.00,1389.5
1312000,656,-0.000000,0.000005,0.000050,0.000000,0.000000,-0.030386,1440.00,1793.0
1314000,657,-0.000000,0.000008,0.000022,0.000000,0.000000,-0.030832,1440.00,1390.3
1316000,658,-0.000000,0.000051,0.000015,0.000000,0.000000,-0.030832,1440.00,1397.9
1318000,659,-0.000000,0.000022,0.000017,-0.000000,0.000000,-0.030832,1440.00,1364.3
1320000,660,-0.000000,0.000011,0.000027,-0.000000,0.000000,-0.030832,1440.00,1375.8
1322000,661,0.000000,0.000020,0.000034,-0.000000,0.000000,-0.030832,1440.00,1471.3
1324000,662,-0.000000,0.000013,0.000018,-0.000000,0.000000,-0.030832,1440.00,1509.8
1326000,663,0.000000,0.000015,0.000023,-0.000000,0.000000,-0.030832,1440.00,1504.0
1328000,664,-0.000000,0.000010,0.000035,-0.000000,0.000000,-0.030832,1440.00,1583.1
1330000,665,0.000000,0.000009,0.000039,-0.000000,0.000000,-0.030832,1440.00,1509.7
1332000,666,0.000000,0.000007,0.000021,0.000000,0.000000,-0.030832,1440.00,1588.0
1334000,667,-0.000001,0.000006,0.000049,-0.000000,0.000000,-0.030832,1440.00,1780.6
1336000,668,0.000000,0.000004,0.000042,-0.000000,0.000000,-0.030832,1440.00,1853.4
1338000,669,0.000000,0.000007,0.000034,-0.000000,0.000000,-0.030945,1440.00,1901.5
1340000,670,-0.000000,0.000010,0.000081,-0.000000,0.000000,-0.030945,1440.00,1871.1
1342000,671,-0.000000,0.000008,0.000027,-0.000000,0.000000,-0.030945,1440.00,2018.9
1344000,672,-0.000001,0.000007,0.000108,-0.000000,0.000000,-0.030945,1440.00,1965.5
1346000,673,0.000000,0.000017,0.000039,-0.000000,0.000000,-0.030945,1440.00,1982.7
1348000,674,-0.000006,0.000045,0.000068,0.000000,0.000000,-0.030945,1440.00,1947.9
1350000,675,-0.000002,0.000068,0.000098,0.000000,0.000000,-0.030945,1440.00,1987.6
1352000,676,0.000000,0.000010,0.000096,-0.000000,0.000000,-0.030945,1440.00,2058.9
1354000,677,-0.000000,0.000007,0.000155,0.000000,0.000000,-0.030945,1440.00,1902.7
1356000,678,-0.000000,0.000010,0.000090,-0.000000,0.000000,-0.030945,1440.00,2124.7
1358000,679,-0.000001,0.000004,0.000088,0.000000,0.000000,-0.030945,1440.00,2113.6
1360000,680,-0.000000,0.000007,0.000131,0.000000,0.000000,-0.030874,1440.00,2039.7
1362000,681,-0.000000,0.000005,0.000199,-0.000000,0.000000,-0.030874,1440.00,1836.4
1364000,682,-0.000000,0.000004,0.000119,-0.000000,0.000000,-0.030874,1440.00,1760.1
1366000,683,-0.000662,0.000952,0.000023,0.006697,0.000375,-0.030874,1440.00,1903.7
1368000,684,0.000000,0.005893,0.000000,0.000000,0.000000,-0.030874,1440.00,1839.6
1370000,685,-0.000000,0.013108,0.000000,0.000000,0.000000,-0.030874,1440.00,1900.5
1372000,686,0.000000,0.009392,0.000000,0.000000,0.000000,-0.030874,1440.00,1585.8
1374000,687,-0.000000,0.000290,0.000000,0.000000,0.000000,-0.030874,1440.00,1796.3
1376000,688,-0.000000,0.002190,0.000000,0.000000,0.000000,-0.030874,1440.00,1795.3
1378000,689,-0.000000,0.000135,0.000000,0.000000,0.000000,-0.030874,1440.00,1910.7
1380000,690,-0.000000,0.000848,0.000000,0.000000,0.000000,-0.030874,1440.00,2148.5
1382000,691,-0.000000,0.002181,0.000000,0.000000,0.000000,-0.030874,1440.00,1858.7
1384000,692,-0.000000,0.000124,0.000000,0.000000,0.000000,-0.031235,1440.00,2100.1
1386000,693,-0.000000,0.000109,0.000000,0.000000,0.000000,-0.031235,1440.00,1843.1
1388000,694,-0.000000,0.000027,0.000000,0.000000,0.000000,-0.031235,1440.00,1838.5
1390000,695,-0.000000,0.000010,0.000001,0.000000,0.000000,-0.031235,1440.00,1620.4
1392000,696,-0.000000,0.000010,0.000001,0.000000,0.000000,-0.031235,1440.00,1300.2
1394000,697,-0.000000,0.000008,0.000001,0.000000,0.000000,-0.031235,1440.00,1445.3
1396000,698,-0.000000,0.000008,0.000001,0.000000,0.000000,-0.031235,1440.00,1449.9
1398000,699,-0.000000,0.000005,0.000000,0.000000,0.000000,-0.031235,1440.00,1132.1
1400000,700,-0.000000,0.000004,0.000001,0.000000,0.000000,-0.031235,1440.00,1642.3
1402000,701,-0.000000,0.000004,0.000000,0.000000,0.000000,-0.031235,1440.00,1133.5
1404000,702,-0.000000,0.000003,0.000001,0.000000,0.000000,-0.031235,1440.00,1126.1
1406000,703,-0.000000,0.000006,0.000001,0.000000,0.000000,-0.031310,1440.00,1439.1
1408000,704,-0.000000,0.000004,0.000000,0.000000,0.000000,-0.031310,1440.00,1492.0
1410000,705,0.000000,0.000004,0.000001,0.000000,0.000000,-0.031310,1440.00,1543.9
1412000,706,-0.000000,0.000003,0.000000,0.000000,0.000000,-0.031310,1440.00,1232.8
1414000,707,-0.000000,0.000003,0.000001,0.000000,0.000000,-0.031310,1440.00,1134.1
1416000,708,0.000000,0.000003,0.000001,0.000000,0.000000,-0.031310,1440.00,1492.9
1418000,709,0.000000,0.000003,0.000000,0.000000,0.000000,-0.031310,1440.00,1502.7
1420000,710,0.000000,0.000003,0.000000,0.000000,0.000000,-0.031310,1440.00,1881.3
1422000,711,0.000000,0.000003,0.000000,0.000000,0.000000,-0.031310,1440.00,1899.1
1424000,712,0.000000,0.000003,0.000001,0.000000,0.000000,-0.031310,1440.00,1949.6
1426000,713,-0.000000,0.000003,0.000000,0.000000,0.000000,-0.031310,1440.00,1964.5
1428000,714,0.000000,0.000003,0.000000,0.000000,0.000000,-0.031310,1440.00,1992.5
1430000,715,-0.000000,0.000004,0.000000,0.000000,0.000000,-0.031696,1440.00,1920.5
1432000,716,0.000000,0.000003,0.000000,0.000000,0.000000,-0.031696,1440.00,2231.1
1434000,717,0.000000,0.000003,0.000001,0.000000,0.000000,-0.031696,1440.00,1802.6
1436000,718,-0.000000,0.000003,0.000001,0.000000,0.000000,-0.031696,1440.00,2087.7
1438000,719,-0.000000,0.000003,0.000000,0.000000,0.000000,-0.031696,1440.00,1862.6
1440000,720,-0.000000,0.000003,0.000000,0.000000,0.000000,-0.031696,1440.00,2007.9
1442000,721,0.000000,0.000003,0.000001,0.000000,0.000000,-0.031696,1440.00,1956.9
1444000,722,0.000000,0.000003,0.000001,0.000000,0.000000,-0.031696,1440.00,2139.7
1446000,723,0.000000,0.000003,0.000000,0.000000,0.000000,-0.031696,1440.00,2025.9
1448000,724,-0.000000,0.000004,0.000000,0.000000,0.000000,-0.031696,1440.00,2311.1
1450000,725,-0.000000,0.000003,0.000000,0.000000,0.000000,-0.031696,1440.00,2081.1
1452000,726,-0.000000,0.000004,0.000000,0.000000,0.000000,-0.032515,1440.00,1979.6
1454000,727,-0.000000,0.000003,0.000000,0.000000,0.000000,-0.032515,1440.00,1995.8
1456000,728,-0.000000,0.000003,0.000000,0.000000,0.000000,-0.032515,1440.00,1992.5
1458000,729,-0.000000,0.000003,0.000000,0.000000,0.000000,-0.032515,1440.00,2153.7
1460000,730,0.000000,0.000003,0.000001,0.000000,0.000000,-0.032515,1440.00,2032.6
1462000,731,-0.000000,0.000004,0.000000,0.000000,0.000000,-0.032515,1440.00,1994.9
1464000,732,-0.000000,0.000004,0.000001,0.000000,0.000000,-0.032515,1440.00,2069.4
1466000,733,-0.000000,0.000003,0.000001,0.000000,0.000000,-0.032515,1440.00,2018.1
1468000,734,-0.000000,0.000003,0.000000,0.000000,0.000000,-0.032515,1440.00,2007.4
1470000,735,-0.000000,0.000003,0.000001,0.000000,0.000000,-0.032515,1440.00,1902.9
1472000,736,-0.000000,0.000003,0.000000,0.000000,0.000000,-0.032515,1440.00,1913.2
1474000,737,-0.000000,0.000003,0.000000,0.000000,0.000000,-0.032515,1440.00,2090.4
1476000,738,-0.000000,0.000006,0.000001,0.000000,0.000000,-0.033031,1440.00,2162.1
1478000,739,-0.000000,0.000006,0.000000,0.000000,0.000000,-0.033031,1440.00,2165.0
1480000,740,-0.000000,0.000008,0.000000,0.000000,0.000000,-0.033031,1440.00,1941.0
1482000,741,-0.000000,0.000012,0.000000,0.000000,0.000000,-0.033031,1440.00,2116.7
1484000,742,-0.000000,0.000026,0.000001,0.000000,0.000000,-0.033031,1440.00,2023.1
1486000,743,-0.000000,0.000006,0.000001,0.000000,0.000000,-0.033031,1440.00,2400.9
1488000,744,-0.000000,0.000003,0.000001,0.000000,0.000000,-0.033031,1440.00,2080.4
1490000,745,-0.000000,0.000003,0.000000,0.000000,0.000000,-0.033031,1440.00,2070.6
1492000,746,-0.000000,0.000004,0.000000,0.000000,0.000000,-0.033031,1440.00,2029.0
1494000,747,-0.000000,0.000003,0.000000,0.000000,0.000000,-0.033031,1440.00,2344.4
1496000,748,-0.000000,0.000003,0.000000,0.000000,0.000000,-0.033031,1440.00,2366.6
1498000,749,-0.000000,0.000006,0.000000,0.000000,0.000000,-0.034386,1440.00,2082.4
1500000,750,-0.000000,0.000006,0.000000,0.000000,0.000000,-0.034386,1440.00,1878.4
1502000,751,-0.000000,0.000005,0.000001,0.000000,0.000000,-0.034386,1440.00,2006.3
1504000,752,-0.000000,0.000004,0.000000,0.000000,0.000000,-0.034386,1440.00,1924.9
1506000,753,-0.000000,0.000004,0.000001,0.000000,0.000000,-0.034386,1440.00,2021.3
1508000,754,-0.000000,0.000009,0.000000,0.000000,0.000000,-0.034386,1440.00,1865.6
1510000,755,-0.000000,0.000008,0.000000,0.000000,0.000000,-0.034386,1440.00,2123.5
1512000,756,-0.000000,0.000004,0.000000,0.000000,0.000000,-0.034386,1440.00,2285.1
1514000,757,-0.000000,0.000002,0.000000,0.000000,0.000000,-0.034386,1440.00,2194.1
1516000,758,-0.000000,0.000028,0.000000,0.000000,0.000000,-0.034386,1440.00,1856.7
1518000,759,-0.000000,0.000067,0.000000,0.000000,0.000000,-0.034386,1440.00,1981.7
1520000,760,0.000000,0.000066,0.000001,0.000000,0.000000,-0.034386,1440.00,2119.4
1522000,761,-0.000000,0.000027,0.000001,0.000000,0.000000,-0.035087,1440.00,2218.6
1524000,762,-0.000000,0.000009,0.000001,0.000000,0.000000,-0.035087,1440.00,2149.7
1526000,763,-0.000000,0.000006,0.000001,0.000000,0.000000,-0.035087,1440.00,1975.3
1528000,764,0.000000,0.000005,0.000001,0.000000,0.000000,-0.035087,1440.00,2095.2
1530000,765,-0.000000,0.000007,0.000000,0.000000,0.000000,-0.035087,1440.00,2128.5
1532000,766,-0.000000,0.000002,0.000001,0.000000,0.000000,-0.035087,1440.00,1429.9
1534000,767,-0.000000,0.000007,0.000001,0.000000,0.000000,-0.035087,1440.00,1077.2
1536000,768,-0.000000,0.000004,0.000000,0.000000,0.000000,-0.035087,1440.00,1367.3
1538000,769,-0.000000,0.000003,0.000001,0.000000,0.000000,-0.035087,1440.00,1384.5
1540000,770,-0.000000,0.000003,0.000001,0.000000,0.000000,-0.035087,1440.00,1217.1
1542000,771,-0.000000,0.000005,0.000001,0.000000,0.000000,-0.035087,1440.00,1143.5
1544000,772,-0.000000,0.000005,0.000001,0.000000,0.000000,-0.035315,1440.00,1111.0
1546000,773,-0.000000,0.000003,0.000000,0.000000,0.000000,-0.035315,1440.00,1148.2
1548000,774,-0.000000,0.000003,0.000001,0.000000,0.000000,-0.035315,1440.00,1267.7
1550000,775,-0.000000,0.000008,0.000000,0.000000,0.000000,-0.035315,1440.00,1143.4
1552000,776,-0.000000,0.000002,0.000000,0.000000,0.000000,-0.035315,1440.00,1157.3
1554000,777,-0.000000,0.000003,0.000002,0.000000,0.000000,-0.035315,1440.00,1185.3
1556000,778,-0.000000,0.000003,0.000001,0.000000,0.000000,-0.035315,1440.00,1197.8
1558000,779,0.000000,0.000010,0.000001,0.000000,0.000000,-0.035315,1440.00,1343.2
1560000,780,-0.000000,0.000019,0.000001,0.000000,0.000000,-0.035315,1440.00,1221.0
1562000,781,0.000000,0.000033,0.000001,0.000000,0.000000,-0.035315,1440.00,1120.5
1564000,782,0.000000,0.000014,0.000001,0.000000,0.000000,-0.035315,1440.00,1190.0
1566000,783,0.000000,0.000003,0.000001,0.000000,0.000000,-0.035315,1440.00,1241.5
1568000,784,0.000000,0.000011,0.000001,0.000000,0.000000,-0.035559,1440.00,1111.7
1570000,785,0.000000,0.000036,0.000000,0.000000,0.000000,-0.035559,1440.00,1190.4
1572000,786,0.000000,0.000009,0.000001,0.000000,0.000000,-0.035559,1440.00,1265.0
1574000,787,0.000000,0.000012,0.000001,0.000000,0.000000,-0.035559,1440.00,1142.7
1576000,788,0.000000,0.000014,0.000000,0.000000,0.000000,-0.035559,1440.00,1257.8
1578000,789,0.000000,0.000060,0.000001,-0.000000,0.000000,-0.035559,1440.00,1154.7
1580000,790,0.000000,0.000005,0.000001,0.000000,0.000000,-0.035559,1440.00,1278.4
1582000,791,0.000000,0.000003,0.000000,0.000000,0.000000,-0.035559,1440.00,1155.8
1584000,792,0.000000,0.000002,0.000001,0.000000,0.000000,-0.035559,1440.00,990.4
1586000,793,0.000000,0.000006,0.000000,0.000000,0.000000,-0.035559,1440.00,1227.2
1588000,794,0.000000,0.000042,0.000001,0.000000,0.000000,-0.035559,1440.00,1347.5
1590000,795,-0.000000,0.000092,0.000001,-0.000000,0.000000,-0.035341,1440.00,1537.9
1592000,796,-0.000000,0.000044,0.000002,0.000000,0.000000,-0.035341,1440.00,1550.3
1594000,797,-0.000000,0.000036,0.000002,-0.000000,0.000000,-0.035341,1440.00,1638.3
1596000,798,-0.000000,0.000013,0.000003,-0.000000,0.000000,-0.035341,1440.00,1812.1
1598000,799,0.000000,0.000013,0.000001,0.000000,0.000000,-0.035341,1440.00,1605.6
1600000,800,-0.000000,0.000010,0.000002,0.000000,0.000000,-0.035341,1440.00,1403.7
1602000,801,-0.000000,0.000005,0.000002,0.000000,0.000000,-0.035341,1440.00,1306.8
1604000,802,-0.000000,0.000002,0.000003,0.000000,0.000000,-0.035341,1440.00,1632.5
1606000,803,-0.000000,0.000004,0.000005,0.000000,0.000000,-0.035341,1440.00,1836.7
1608000,804,-0.000000,0.000003,0.000002,0.000000,0.000000,-0.035341,1440.00,1666.1
1610000,805,-0.000000,0.000003,0.000001,0.000000,0.000000,-0.035341,1440.00,1793.0
1612000,806,0.000000,0.000004,0.000002,0.000000,0.000000,-0.035341,1440.00,1735.4
1614000,807,-0.000000,0.000004,0.000001,0.000000,0.000000,-0.035605,1440.00,1881.5
1616000,808,-0.000000,0.000007,0.000001,0.000000,0.000000,-0.035605,1440.00,1861.7
1618000,809,-0.000000,0.000003,0.000002,0.000000,0.000000,-0.035605,1440.00,1597.6
1620000,810,-0.000000,0.000002,0.000002,0.000000,0.000000,-0.035605,1440.00,1641.6
1622000,811,-0.000000,0.000002,0.000001,0.000000,0.000000,-0.035605,1440.00,1455.8
1624000,812,0.000000,0.000003,0.000001,0.000000,0.000000,-0.035605,1440.00,1885.4
1626000,813,0.000000,0.000003,0.000001,0.000000,0.000000,-0.035605,1440.00,1791.3
1628000,814,0.000000,0.000002,0.000002,0.000000,0.000000,-0.035605,1440.00,1708.5
1630000,815,-0.000000,0.000002,0.000002,0.000000,0.000000,-0.035605,1440.00,1685.0
1632000,816,0.000000,0.000002,0.000002,0.000000,0.000000,-0.035605,1440.00,1593.9
1634000,817,0.000000,0.000003,0.000001,0.000000,0.000000,-0.035605,1440.00,1570.4
1636000,818,-0.000000,0.000004,0.000001,0.000000,0.000000,-0.035002,1440.00,1563.5
1638000,819,0.000000,0.000009,0.000001,0.000000,0.000000,-0.035002,1440.00,1602.6
1640000,820,0.000000,0.000011,0.000004,0.000000,0.000000,-0.035002,1440.00,1622.8
1642000,821,0.000000,0.000003,0.000002,0.000000,0.000000,-0.035002,1440.00,1473.5
1644000,822,0.000000,0.000003,0.000002,0.000000,0.000000,-0.035002,1440.00,1688.9
1646000,823,0.000000,0.000007,0.000001,0.000000,0.000000,-0.035002,1440.00,1679.0
1648000,824,0.000000,0.000032,0.000002,0.000000,0.000000,-0.035002,1440.00,1791.3
1650000,825,0.000000,0.001548,0.000003,-0.000000,0.000000,-0.035002,1440.00,1669.0
1652000,826,0.000000,0.000171,0.000013,-0.000000,0.000000,-0.035002,1440.00,1601.1
1654000,827,0.000000,0.000017,0.000017,-0.000000,0.000000,-0.035002,1440.00,1643.9
1656000,828,-0.000000,0.000023,0.000027,0.000000,0.000000,-0.035002,1440.00,1528.5
1658000,829,-0.000000,0.000010,0.000028,0.000000,0.000000,-0.035002,1440.00,1458.9
1660000,830,0.000000,0.000014,0.000012,0.000000,0.000000,-0.033899,1440.00,1507.8
1662000,831,-0.000000,0.000007,0.000020,0.000000,0.000000,-0.033899,1440.00,1544.1
1664000,832,-0.000000,0.000006,0.000016,0.000000,0.000000,-0.033899,1440.00,1780.5
1666000,833,-0.000000,0.000005,0.000012,0.000000,0.000000,-0.033899,1440.00,1759.4
1668000,834,-0.000000,0.000005,0.000007,0.000000,0.000000,-0.033899,1440.00,1679.0
1670000,835,-0.000000,0.000004,0.000006,0.000000,0.000000,-0.033899,1440.00,2052.8
1672000,836,-0.000000,0.000005,0.000007,0.000000,0.000000,-0.033899,1440.00,1921.2
1674000,837,-0.000000,0.000008,0.000005,0.000000,0.000000,-0.033899,1440.00,2086.9
1676000,838,-0.000000,0.000005,0.000013,0.000000,0.000000,-0.033899,1440.00,1795.9
1678000,839,-0.000000,0.000003,0.000012,0.000000,0.000000,-0.033899,1440.00,1474.6
1680000,840,-0.000000,0.000003,0.000005,0.000000,0.000000,-0.033899,1440.00,1674.4
1682000,841,-0.000000,0.000005,0.000005,0.000000,0.000000,-0.034005,1440.00,1754.2
1684000,842,-0.000000,0.000003,0.000008,0.000000,0.000000,-0.034005,1440.00,1780.5
1686000,843,-0.000000,0.000003,0.000008,0.000000,0.000000,-0.034005,1440.00,1633.5
1688000,844,0.000000,0.000003,0.000004,0.000000,0.000000,-0.034005,1440.00,1097.4
1690000,845,-0.000000,0.000003,0.000005,0.000000,0.000000,-0.034005,1440.00,1266.9
1692000,846,0.000000,0.000003,0.000008,0.000000,0.000000,-0.034005,1440.00,1183.3
1694000,847,-0.000000,0.000002,0.000004,0.000000,0.000000,-0.034005,1440.00,1550.8
1696000,848,-0.000000,0.000003,0.000006,0.000000,0.000000,-0.034005,1440.00,1601.7
1698000,849,-0.000000,0.000003,0.000007,0.000000,0.000000,-0.034005,1440.00,2664.5
1700000,850,-0.000000,0.000003,0.000004,0.000000,0.000000,-0.034005,1440.00,2607.6
1702000,851,-0.000000,0.000003,0.000006,0.000000,0.000000,-0.034005,1440.00,2605.2
1704000,852,-0.000000,0.000003,0.000006,0.000000,0.000000,-0.034005,1440.00,2668.0
1706000,853,0.000000,0.000004,0.000007,0.000000,0.000000,-0.033802,1440.00,2943.3
1708000,854,-0.000000,0.000002,0.000004,0.000000,0.000000,-0.033802,1440.00,3229.9
1710000,855,-0.000000,0.000002,0.000007,0.000000,0.000000,-0.033802,1440.00,2905.0
1712000,856,0.000000,0.000002,0.000007,0.000000,0.000000,-0.033802,1440.00,3114.6
1714000,857,-0.000000,0.000002,0.000008,0.000000,0.000000,-0.033802,1440.00,3164.2
1716000,858,-0.000000,0.000002,0.000004,0.000000,0.000000,-0.033802,1440.00,3117.1
1718000,859,-0.000000,0.000002,0.000004,0.000000,0.000000,-0.033802,1440.00,2880.2
1720000,860,-0.000000,0.000003,0.000006,0.000000,0.000000,-0.033802,1440.00,3188.4
1722000,861,-0.000000,0.000002,0.000005,0.000000,0.000000,-0.033802,1440.00,1623.6
1724000,862,-0.000000,0.000003,0.000002,0.000000,0.000000,-0.033802,1440.00,1683.4
1726000,863,-0.000000,0.000003,0.000005,0.000000,0.000000,-0.033802,1440.00,1622.5
1728000,864,-0.000000,0.000002,0.000005,0.000000,0.000000,-0.033200,1440.00,1914.6
1730000,865,-0.000000,0.000004,0.000005,0.000000,0.000000,-0.033200,1440.00,1743.6
1732000,866,0.000000,0.000003,0.000007,0.000000,0.000000,-0.033200,1440.00,1119.5
1734000,867,0.000000,0.000003,0.000005,0.000000,0.000000,-0.033200,1440.00,1556.5
1736000,868,-0.000000,0.000003,0.000005,0.000000,0.000000,-0.033200,1440.00,1662.3
1738000,869,-0.000000,0.000003,0.000006,0.000000,0.000000,-0.033200,1440.00,1718.8
1740000,870,-0.000000,0.000013,0.000003,0.000000,0.000000,-0.033200,1440.00,1720.6
1742000,871,-0.000000,0.000016,0.000004,0.000000,0.000000,-0.033200,1440.00,1711.0
1744000,872,-0.000000,0.000004,0.000005,0.000000,0.000000,-0.033200,1440.00,1865.2
1746000,873,-0.000000,0.000002,0.000005,0.000000,0.000000,-0.033200,1440.00,2626.1
1748000,874,-0.000000,0.000003,0.000005,0.000000,0.000000,-0.033200,1440.00,2721.1
1750000,875,-0.000000,0.000039,0.000003,-0.000000,0.000000,-0.033200,1440.00,2796.5
1752000,876,-0.000000,0.000081,0.000004,-0.000000,0.000000,-0.032840,1440.00,3296.1
1754000,877,-0.000000,0.000061,0.000008,-0.000000,0.000000,-0.032840,1440.00,3407.5
1756000,878,0.000000,0.000061,0.000015,-0.000000,0.000000,-0.032840,1440.00,3619.2
1758000,879,-0.000000,0.000025,0.000012,-0.000000,0.000000,-0.032840,1440.00,3106.7
1760000,880,0.000000,0.000010,0.000012,-0.000000,0.000000,-0.032840,1440.00,3079.3
1762000,881,0.000000,0.000005,0.000013,0.000000,0.000000,-0.032840,1440.00,3254.0
1764000,882,0.000000,0.000006,0.000009,0.000000,0.000000,-0.032840,1440.00,3209.6
1766000,883,0.000000,0.000005,0.000011,0.000000,0.000000,-0.032840,1440.00,3053.5
1768000,884,0.000000,0.000003,0.000017,0.000000,0.000000,-0.032840,1440.00,2967.2
1770000,885,0.000000,0.000004,0.000012,0.000000,0.000000,-0.032840,1440.00,3196.3
1772000,886,0.000000,0.000003,0.000015,0.000000,0.000000,-0.032840,1440.00,3458.7
1774000,887,0.000000,0.000003,0.000011,-0.000000,0.000000,-0.032840,1440.00,3437.4
1776000,888,0.000000,0.000004,0.000007,0.000000,0.000000,-0.031677,1440.00,3171.2
1778000,889,0.000000,0.000003,0.000008,0.000000,0.000000,-0.031677,1440.00,2855.3
1780000,890,-0.000000,0.000003,0.000012,0.000000,0.000000,-0.031677,1440.00,3077.6
1782000,891,-0.000000,0.000002,0.000008,0.000000,0.000000,-0.031677,1440.00,3440.7
1784000,892,0.000000,0.000003,0.000007,0.000000,0.000000,-0.031677,1440.00,3270.4
1786000,893,-0.000000,0.000004,0.000011,0.000000,0.000000,-0.031677,1440.00,3158.1
1788000,894,0.000000,0.000005,0.000015,0.000000,0.000000,-0.031677,1440.00,3164.8
1790000,895,0.000000,0.000003,0.000011,0.000000,0.000000,-0.031677,1440.00,3412.1
1792000,896,0.000000,0.000003,0.000012,0.000000,0.000000,-0.031677,1440.00,3523.2
1794000,897,0.000000,0.000003,0.000008,0.000000,0.000000,-0.031677,1440.00,3153.4
1796000,898,-0.000002,0.000005,0.000030,-0.000000,0.000000,-0.031677,1440.00,2861.3
1798000,899,0.000000,0.000008,0.000019,-0.000000,0.000000,-0.031832,1440.00,3341.7
1800000,900,-0.000000,0.000009,0.000019,-0.000000,0.000000,-0.031832,1440.00,3350.0
1802000,901,-0.000000,0.000005,0.000020,-0.000000,0.000000,-0.031832,1440.00,3428.0
1804000,902,0.000000,0.000005,0.000026,-0.000000,0.000000,-0.031832,1440.00,3116.4
1806000,903,-0.000000,0.000004,0.000035,0.000000,0.000000,-0.031832,1440.00,3234.3
1808000,904,-0.000000,0.000004,0.000020,0.000000,0.000000,-0.031832,1440.00,3366.0
1810000,905,-0.000000,0.000003,0.000017,0.000000,0.000000,-0.031832,1440.00,3300.7
1812000,906,-0.000000,0.000007,0.000013,0.000000,0.000000,-0.031832,1440.00,3139.0
1814000,907,-0.000000,0.000016,0.000017,0.000000,0.000000,-0.031832,1440.00,3209.0
1816000,908,-0.000000,0.000008,0.000010,0.000000,0.000000,-0.031832,1440.00,2891.3
1818000,909,-0.000000,0.000006,0.000011,0.000000,0.000000,-0.031832,1440.00,3239.3
1820000,910,-0.000000,0.000003,0.000012,0.000000,0.000000,-0.031832,1440.00,3289.5
1822000,911,-0.000000,0.000005,0.000015,0.000000,0.000000,-0.032326,1440.00,3194.9
1824000,912,-0.000000,0.000018,0.000010,0.000000,0.000000,-0.032326,1440.00,3088.3
1826000,913,-0.000000,0.000007,0.000030,-0.000000,0.000000,-0.032326,1440.00,2710.2
1828000,914,-0.000000,0.000005,0.000020,0.000000,0.000000,-0.032326,1440.00,1291.7
1830000,915,0.000000,0.000007,0.000010,0.000000,0.000000,-0.032326,1440.00,1583.6
1832000,916,0.000000,0.000009,0.000012,0.000000,0.000000,-0.032326,1440.00,1637.3
1834000,917,0.000000,0.000011,0.000011,-0.000000,0.000000,-0.032326,1440.00,1545.7
1836000,918,0.000000,0.000006,0.000011,-0.000000,0.000000,-0.032326,1440.00,1740.2
1838000,919,0.000000,0.000007,0.000013,-0.000000,0.000000,-0.032326,1440.00,1765.1
1840000,920,0.000000,0.000016,0.000009,0.000000,0.000000,-0.032326,1440.00,1787.0
1842000,921,0.000000,0.000018,0.000012,-0.000000,0.000000,-0.032326,1440.00,1763.9
1844000,922,0.000000,0.000029,0.000020,-0.000000,0.000000,-0.031690,1440.00,1778.6
1846000,923,0.000000,0.000014,0.000023,-0.000000,0.000000,-0.031690,1440.00,1651.9
1848000,924,0.000000,0.000003,0.000016,-0.000000,0.000000,-0.031690,1440.00,2017.3
1850000,925,0.000000,0.000005,0.000019,0.000000,0.000000,-0.031690,1440.00,1556.6
1852000,926,-0.000000,0.000004,0.000017,-0.000000,0.000000,-0.031690,1440.00,1441.7
1854000,927,0.000000,0.000009,0.000029,-0.000000,0.000000,-0.031690,1440.00,1616.2
1856000,928,0.000000,0.000005,0.000024,-0.000000,0.000000,-0.031690,1440.00,1537.9
1858000,929,0.000000,0.000007,0.000031,0.000000,0.000000,-0.031690,1440.00,1519.7
1860000,930,-0.000000,0.000003,0.000032,0.000000,0.000000,-0.031690,1440.00,1540.3
1862000,931,0.000000,0.000003,0.000020,0.000000,0.000000,-0.031690,1440.00,1420.0
1864000,932,0.000000,0.000008,0.000021,-0.000000,0.000000,-0.031690,1440.00,1483.1
1866000,933,0.000000,0.000009,0.000025,-0.000000,0.000000,-0.031690,1440.00,1578.3
1868000,934,0.000000,0.000005,0.000027,0.000000,0.000000,-0.032628,1440.00,2414.4
1870000,935,-0.000000,0.000002,0.000030,0.000000,0.000000,-0.032628,1440.00,2697.6
1872000,936,0.000000,0.000003,0.000037,0.000000,0.000000,-0.032628,1440.00,2710.9
1874000,937,0.000000,0.000002,0.000026,0.000000,0.000000,-0.032628,1440.00,3211.6
1876000,938,0.000000,0.000003,0.000032,-0.000000,0.000000,-0.032628,1440.00,3383.1
1878000,939,-0.000000,0.000004,0.000029,-0.000000,0.000000,-0.032628,1440.00,3304.1
1880000,940,-0.000000,0.000008,0.000018,-0.000000,0.000000,-0.032628,1440.00,3442.5
1882000,941,-0.000000,0.000004,0.000034,-0.000000,0.000000,-0.032628,1440.00,2996.8
1884000,942,-0.000000,0.000006,0.000040,0.000000,0.000000,-0.032628,1440.00,2724.1
1886000,943,-0.000000,0.000008,0.000028,0.000000,0.000000,-0.032628,1440.00,3316.7
1888000,944,-0.000000,0.000002,0.000036,0.000000,0.000000,-0.032628,1440.00,3175.5
1890000,945,-0.000000,0.000003,0.000031,0.000000,0.000000,-0.031466,1440.00,3337.6
1892000,946,-0.000000,0.000003,0.000027,-0.000000,0.000000,-0.031466,1440.00,3120.8
1894000,947,-0.000000,0.000003,0.000029,-0.000000,0.000000,-0.031466,1440.00,2781.3
1896000,948,-0.000000,0.000003,0.000022,0.000000,0.000000,-0.031466,1440.00,2543.5
1898000,949,-0.000000,0.000003,0.000043,-0.000000,0.000000,-0.031466,1440.00,3269.0
1900000,950,-0.000000,0.000031,0.000049,0.000000,0.000000,-0.031466,1440.00,3203.5
1902000,951,-0.000000,0.000136,0.000031,-0.000000,0.000000,-0.031466,1440.00,3433.3
1904000,952,-0.000000,0.000023,0.000075,-0.000000,0.000000,-0.031466,1440.00,3442.0
1906000,953,-0.000000,0.000008,0.000095,-0.000000,0.000000,-0.031466,1440.00,3174.3
1908000,954,-0.000000,0.000004,0.000102,-0.000000,0.000000,-0.031466,1440.00,2717.3
1910000,955,-0.000000,0.000004,0.000084,0.000000,0.000000,-0.031466,1440.00,3157.9
1912000,956,-0.000000,0.000004,0.000060,0.000000,0.000000,-0.031466,1440.00,3185.6
1914000,957,-0.000636,0.001488,0.000019,0.006890,0.000375,-0.033304,1440.00,2888.3
1916000,958,0.000000,0.016997,0.000000,0.000000,0.000000,-0.033304,1440.00,2755.4
1918000,959,-0.000000,0.002721,0.000000,0.000000,0.000000,-0.033304,1440.00,2711.8
1920000,960,-0.000000,0.001696,0.000000,-0.000000,0.000000,-0.033304,1440.00,2665.6
1922000,961,-0.000000,0.001253,0.000000,-0.000000,0.000000,-0.033304,1440.00,2451.2
1924000,962,-0.000000,0.000859,0.000000,-0.000000,0.000000,-0.033304,1440.00,3212.3
1926000,963,-0.000000,0.000600,0.000001,-0.000000,0.000000,-0.033304,1440.00,1712.6
1928000,964,-0.000003,0.000478,0.000024,0.000000,0.000000,-0.033304,1440.00,1901.8
1930000,965,-0.000000,0.000333,0.000003,-0.000000,0.000000,-0.033304,1440.00,1653.6
1932000,966,-0.000000,0.000239,0.000002,-0.000000,0.000000,-0.033304,1440.00,1811.4
1934000,967,-0.000000,0.000167,0.000005,-0.000000,0.000000,-0.033304,1440.00,2025.8
1936000,968,-0.000000,0.000115,0.000005,0.000000,0.000000,-0.034094,1440.00,1948.1
1938000,969,-0.000000,0.000129,0.000002,-0.000000,0.000000,-0.034094,1440.00,1988.7
1940000,970,-0.000000,0.000082,0.000006,-0.000000,0.000000,-0.034094,1440.00,2030.3
1942000,971,-0.000000,0.000067,0.000001,0.000000,0.000000,-0.034094,1440.00,1844.5
1944000,972,-0.000026,0.000060,0.000015,0.000000,0.000000,-0.034094,1440.00,1892.2
1946000,973,-0.000000,0.000031,0.000001,0.000000,0.000000,-0.034094,1440.00,1939.3
1948000,974,-0.000000,0.000023,0.000000,0.000000,0.000000,-0.034094,1440.00,1856.8
1950000,975,-0.000000,0.000019,0.000001,0.000000,0.000000,-0.034094,1440.00,2715.1
1952000,976,-0.000000,0.000013,0.000001,0.000000,0.000000,-0.034094,1440.00,3067.8
1954000,977,-0.000000,0.000011,0.000005,0.000000,0.000000,-0.034094,1440.00,3173.0
1956000,978,-0.000000,0.000010,0.000003,0.000000,0.000000,-0.034094,1440.00,3145.4
1958000,979,-0.000000,0.000008,0.000004,0.000000,0.000000,-0.034094,1440.00,2343.9
1960000,980,-0.000000,0.000007,0.000003,0.000000,0.000000,-0.034675,1440.00,1819.7
1962000,981,-0.000000,0.000006,0.000001,0.000000,0.000000,-0.034675,1440.00,1743.6
1964000,982,-0.000000,0.000005,0.000001,0.000000,0.000000,-0.034675,1440.00,1810.9
1966000,983,-0.000000,0.000005,0.000003,0.000000,0.000000,-0.034675,1440.00,1492.4
1968000,984,-0.000000,0.000004,0.000003,0.000000,0.000000,-0.034675,1440.00,1556.2
1970000,985,-0.000000,0.000004,0.000001,0.000000,0.000000,-0.034675,1440.00,2192.3
1972000,986,-0.000000,0.000004,0.000002,0.000000,0.000000,-0.034675,1440.00,2098.4
1974000,987,-0.000000,0.000003,0.000001,0.000000,0.000000,-0.034675,1440.00,2547.6
1976000,988,-0.000000,0.000003,0.000001,0.000000,0.000000,-0.034675,1440.00,2604.6
1978000,989,-0.000000,0.000003,0.000001,0.000000,0.000000,-0.034675,1440.00,2447.6
1980000,990,-0.000000,0.000003,0.000001,0.000000,0.000000,-0.034675,1440.00,1987.6
1982000,991,-0.000000,0.000003,0.000000,0.000000,0.000000,-0.034801,1440.00,1754.7
1984000,992,-0.000000,0.000003,0.000000,0.000000,0.000000,-0.034801,1440.00,1562.4
1986000,993,-0.000000,0.000002,0.000001,0.000000,0.000000,-0.034801,1440.00,2040.6
1988000,994,-0.000000,0.000003,0.000000,0.000000,0.000000,-0.034801,1440.00,2983.9
1990000,995,-0.000000,0.000002,0.000001,0.000000,0.000000,-0.034801,1440.00,2573.2
1992000,996,-0.000000,0.000002,0.000003,0.000000,0.000000,-0.034801,1440.00,2196.4
1994000,997,-0.000000,0.000002,0.000001,0.000000,0.000000,-0.034801,1440.00,2190.7
1996000,998,-0.000000,0.000002,0.000001,0.000000,0.000000,-0.034801,1440.00,2432.8
1998000,999,-0.000000,0.000002,0.000001,0.000000,0.000000,-0.034801,1440.00,2209.0
2000000,1000,-0.000000,0.000002,0.000001,0.000000,0.000000,-0.034801,1440.00,2396.6
